Clock Cycle,Queue Size
1,0
2,0
3,0
4,0
5,0
6,0
7,1
8,0
9,0
10,0
11,0
12,0
13,0
14,0
15,0
16,0
17,0
18,0
19,0
20,1
21,2
22,2
23,2
24,2
25,2
26,2
27,2
28,2
29,2
30,2
31,2
32,2
33,2
34,1
35,1
36,1
37,1
38,1
39,1
40,1
41,1
42,1
43,1
44,2
45,2
46,2
47,2
48,2
49,2
50,2
51,2
52,2
53,2
54,2
55,2
56,2
57,2
58,2
59,2
60,2
61,2
62,2
63,2
64,2
65,2
66,2
67,2
68,3
69,3
70,3
71,3
72,4
73,4
74,4
75,5
76,5
77,5
78,5
79,6
80,5
81,4
82,3
83,1
84,1
85,1
86,1
87,1
88,1
89,1
90,1
91,1
92,1
93,1
94,1
95,2
96,2
97,2
98,2
99,2
100,2
101,2
102,2
103,2
104,2
105,2
106,2
107,2
108,1
109,1
110,2
111,2
112,2
113,2
114,2
115,2
116,2
117,2
118,2
119,2
120,2
121,2
122,2
123,2
124,2
125,2
126,2
127,2
128,2
129,2
130,2
131,2
132,2
133,2
134,2
135,2
136,2
137,3
138,3
139,4
140,4
141,4
142,4
143,4
144,4
145,4
146,5
147,5
148,6
149,4
150,4
151,3
152,4
153,4
154,4
155,4
156,4
157,4
158,4
159,4
160,4
161,4
162,4
163,4
164,5
165,5
166,5
167,5
168,5
169,5
170,5
171,5
172,5
173,6
174,5
175,4
176,4
177,4
178,4
179,4
180,5
181,5
182,5
183,5
184,5
185,5
186,5
187,5
188,5
189,5
190,5
191,5
192,6
193,5
194,4
195,4
196,4
197,4
198,4
199,4
200,4
201,4
202,4
203,4
204,4
205,4
206,3
207,3
208,3
209,3
210,3
211,3
212,3
213,4
214,4
215,4
216,4
217,4
218,4
219,4
220,4
221,4
222,4
223,4
224,4
225,3
226,3
227,3
228,3
229,3
230,3
231,3
232,4
233,3
234,3
235,3
236,3
237,3
238,3
239,3
240,3
241,3
242,3
243,3
244,4
245,4
246,4
247,4
248,4
249,4
250,3
251,3
252,3
253,3
254,3
255,3
256,3
257,3
258,3
259,3
260,3
261,3
262,3
263,3
264,3
265,4
266,4
267,4
268,4
269,4
270,4
271,4
272,4
273,4
274,4
275,4
276,5
277,5
278,5
279,5
280,6
281,5
282,4
283,4
284,4
285,4
286,4
287,4
288,4
289,5
290,5
291,5
292,5
293,5
294,5
295,5
296,5
297,5
298,5
299,5
300,5
301,4
302,4
303,4
304,4
305,4
306,4
307,5
308,5
309,5
310,5
311,6
312,5
313,3
314,3
315,3
316,3
317,3
318,2
319,2
320,2
321,2
322,2
323,2
324,2
325,2
326,2
327,2
328,2
329,2
330,2
331,2
332,2
333,2
334,2
335,1
336,2
337,2
338,2
339,3
340,2
341,1
342,2
343,2
344,2
345,3
346,4
347,4
348,4
349,4
350,4
351,4
352,4
353,4
354,4
355,4
356,4
357,4
358,4
359,4
360,4
361,5
362,5
363,5
364,6
365,5
366,5
367,5
368,5
369,5
370,5
371,5
372,5
373,5
374,5
375,5
376,6
377,5
378,4
379,5
380,5
381,4
382,4
383,3
384,3
385,2
386,2
387,2
388,2
389,3
390,2
391,2
392,3
393,3
394,3
395,3
396,3
397,3
398,3
399,3
400,3
401,3
402,3
403,3
404,3
405,3
406,3
407,3
408,3
409,3
410,3
411,3
412,2
413,3
414,3
415,2
416,2
417,2
418,2
419,2
420,2
421,3
422,3
423,3
424,4
425,4
426,5
427,4
428,4
429,4
430,4
431,4
432,4
433,5
434,5
435,5
436,6
437,5
438,4
439,4
440,4
441,5
442,4
443,3
444,2
445,2
446,1
447,1
448,1
449,2
450,2
451,2
452,2
453,2
454,2
455,2
456,2
457,2
458,2
459,2
460,2
461,2
462,2
463,2
464,2
465,3
466,3
467,3
468,3
469,3
470,3
471,3
472,2
473,2
474,2
475,2
476,2
477,2
478,2
479,2
480,2
481,2
482,2
483,2
484,2
485,2
486,2
487,2
488,2
489,2
490,2
491,2
492,2
493,2
494,2
495,3
496,3
497,3
498,3
499,2
500,2
501,3
502,3
503,3
504,2
505,2
506,2
507,2
508,2
509,2
510,2
511,2
512,2
513,1
514,1
515,1
516,1
517,1
518,1
519,1
520,1
521,1
522,0
523,0
524,0
525,0
526,0
527,0
528,0
529,1
530,1
531,1
532,1
533,1
534,1
535,1
536,1
537,1
538,1
539,1
540,1
541,1
542,2
543,2
544,2
545,2
546,2
547,2
548,2
549,3
550,3
551,3
552,3
553,3
554,3
555,2
556,2
557,2
558,2
559,2
560,2
561,2
562,2
563,2
564,2
565,2
566,2
567,2
568,2
569,2
570,2
571,2
572,2
573,2
574,2
575,2
576,2
577,2
578,2
579,2
580,2
581,2
582,2
583,2
584,2
585,2
586,2
587,2
588,2
589,2
590,2
591,3
592,3
593,3
594,3
595,3
596,3
597,3
598,3
599,3
600,3
601,2
602,2
603,2
604,2
605,2
606,2
607,2
608,2
609,2
610,2
611,2
612,2
613,2
614,2
615,2
616,3
617,3
618,3
619,3
620,3
621,3
622,3
623,3
624,4
625,4
626,4
627,4
628,4
629,4
630,4
631,4
632,4
633,4
634,4
635,4
636,4
637,4
638,4
639,4
640,4
641,4
642,3
643,3
644,3
645,3
646,4
647,5
648,5
649,5
650,5
651,5
652,5
653,5
654,5
655,5
656,5
657,5
658,5
659,5
660,5
661,5
662,5
663,5
664,5
665,6
666,5
667,5
668,5
669,5
670,5
671,4
672,4
673,4
674,4
675,4
676,4
677,4
678,4
679,4
680,4
681,4
682,4
683,4
684,5
685,5
686,5
687,5
688,5
689,4
690,4
691,4
692,4
693,2
694,2
695,2
696,3
697,2
698,2
699,2
700,2
701,2
702,2
703,2
704,2
705,2
706,2
707,2
708,2
709,3
710,3
711,3
712,4
713,4
714,4
715,4
716,4
717,4
718,4
719,4
720,4
721,4
722,4
723,4
724,4
725,4
726,4
727,4
728,4
729,4
730,4
731,4
732,4
733,4
734,4
735,3
736,3
737,3
738,3
739,3
740,4
741,4
742,4
743,4
744,4
745,5
746,4
747,4
748,4
749,4
750,4
751,4
752,4
753,4
754,4
755,4
756,4
757,4
758,4
759,4
760,4
761,4
762,4
763,5
764,6
765,5
766,5
767,5
768,5
769,4
770,4
771,4
772,4
773,4
774,5
775,5
776,5
777,5
778,5
779,6
780,5
781,5
782,6
783,5
784,5
785,5
786,5
787,5
788,4
789,4
790,4
791,4
792,4
793,4
794,4
795,4
796,4
797,4
798,5
799,5
800,5
801,5
802,5
803,5
804,5
805,5
806,5
807,5
808,5
809,5
810,5
811,5
812,5
813,5
814,5
815,5
816,5
817,5
818,5
819,5
820,6
821,5
822,2
823,2
824,2
825,2
826,2
827,2
828,2
829,2
830,2
831,2
832,2
833,2
834,2
835,2
836,2
837,2
838,2
839,2
840,2
841,2
842,2
843,1
844,2
845,2
846,2
847,2
848,3
849,3
850,3
851,3
852,3
853,2
854,3
855,4
856,2
857,2
858,2
859,2
860,3
861,3
862,3
863,3
864,3
865,3
866,4
867,4
868,4
869,4
870,4
871,4
872,4
873,4
874,3
875,3
876,3
877,3
878,3
879,3
880,3
881,3
882,3
883,3
884,3
885,2
886,2
887,3
888,3
889,3
890,4
891,4
892,4
893,5
894,3
895,3
896,3
897,3
898,3
899,3
900,3
901,3
902,3
903,3
904,3
905,3
906,3
907,3
908,3
909,3
910,3
911,3
912,3
913,3
914,3
915,2
916,3
917,3
918,2
919,1
920,1
921,2
922,2
923,2
924,2
925,2
926,2
927,2
928,2
929,2
930,1
931,1
932,1
933,1
934,1
935,1
936,2
937,2
938,2
939,2
940,2
941,3
942,3
943,3
944,3
945,3
946,3
947,4
948,4
949,4
950,4
951,4
952,4
953,4
954,4
955,4
956,4
957,4
958,4
959,4
960,4
961,4
962,4
963,4
964,5
965,5
966,5
967,5
968,5
969,5
970,5
971,5
972,5
973,5
974,5
975,5
976,5
977,5
978,6
979,5
980,5
981,5
982,5
983,5
984,5
985,5
986,5
987,6
988,5
989,5
990,5
991,5
992,5
993,4
994,4
995,4
996,4
997,4
998,4
999,4
1000,4
1001,4
1002,4
1003,4
1004,5
1005,5
1006,5
1007,5
1008,5
1009,5
1010,5
1011,5
1012,5
1013,6
1014,5
1015,6
1016,5
1017,5
1018,5
1019,5
1020,5
1021,5
1022,5
1023,5
1024,5
1025,5
1026,4
1027,4
1028,4
1029,5
1030,6
1031,6
1032,5
1033,4
1034,3
1035,3
1036,3
1037,3
1038,3
1039,3
1040,3
1041,3
1042,3
1043,3
1044,3
1045,2
1046,2
1047,2
1048,2
1049,2
1050,2
1051,2
1052,2
1053,1
1054,0
1055,0
1056,1
1057,1
1058,1
1059,1
1060,1
1061,1
1062,2
1063,2
1064,2
1065,2
1066,2
1067,3
1068,3
1069,3
1070,3
1071,3
1072,3
1073,3
1074,3
1075,3
1076,3
1077,3
1078,3
1079,3
1080,3
1081,4
1082,4
1083,4
1084,4
1085,4
1086,4
1087,4
1088,4
1089,4
1090,4
1091,4
1092,4
1093,4
1094,4
1095,4
1096,4
1097,4
1098,4
1099,4
1100,4
1101,4
1102,4
1103,4
1104,4
1105,4
1106,4
1107,4
1108,4
1109,4
1110,4
1111,4
1112,4
1113,4
1114,4
1115,4
1116,4
1117,4
1118,4
1119,4
1120,4
1121,4
1122,4
1123,4
1124,4
1125,4
1126,4
1127,4
1128,4
1129,4
1130,4
1131,4
1132,4
1133,4
1134,4
1135,3
1136,3
1137,3
1138,3
1139,3
1140,3
1141,3
1142,3
1143,3
1144,3
1145,3
1146,2
1147,2
1148,2
1149,2
1150,2
1151,2
1152,2
1153,2
1154,2
1155,3
1156,3
1157,3
1158,3
1159,3
1160,3
1161,3
1162,3
1163,3
1164,3
1165,3
1166,4
1167,4
1168,4
1169,4
1170,4
1171,4
1172,5
1173,5
1174,5
1175,5
1176,5
1177,5
1178,5
1179,5
1180,5
1181,5
1182,5
1183,5
1184,5
1185,5
1186,6
1187,6
1188,5
1189,5
1190,5
1191,5
1192,6
1193,5
1194,5
1195,6
1196,5
1197,5
1198,5
1199,5
1200,5
1201,4
1202,4
1203,4
1204,4
1205,4
1206,4
1207,4
1208,4
1209,4
1210,5
1211,6
1212,5
1213,5
1214,5
1215,5
1216,6
1217,5
1218,5
1219,5
1220,5
1221,5
1222,5
1223,5
1224,5
1225,6
1226,5
1227,5
1228,4
1229,3
1230,2
1231,2
1232,2
1233,2
1234,0
1235,0
1236,1
1237,0
1238,0
1239,0
1240,0
1241,0
1242,0
1243,1
1244,1
1245,1
1246,1
1247,1
1248,2
1249,2
1250,2
1251,2
1252,2
1253,2
1254,2
1255,2
1256,2
1257,2
1258,2
1259,2
1260,2
1261,2
1262,2
1263,2
1264,2
1265,2
1266,2
1267,2
1268,2
1269,2
1270,2
1271,2
1272,2
1273,3
1274,3
1275,3
1276,3
1277,3
1278,3
1279,3
1280,3
1281,3
1282,3
1283,3
1284,3
1285,3
1286,3
1287,3
1288,3
1289,3
1290,3
1291,2
1292,1
1293,1
1294,1
1295,2
1296,2
1297,2
1298,2
1299,2
1300,2
1301,2
1302,2
1303,2
1304,2
1305,2
1306,2
1307,2
1308,2
1309,2
1310,2
1311,2
1312,2
1313,2
1314,2
1315,3
1316,3
1317,3
1318,3
1319,2
1320,2
1321,2
1322,2
1323,3
1324,3
1325,4
1326,4
1327,4
1328,5
1329,5
1330,5
1331,5
1332,5
1333,5
1334,5
1335,6
1336,5
1337,5
1338,4
1339,4
1340,4
1341,4
1342,4
1343,4
1344,4
1345,4
1346,4
1347,4
1348,4
1349,4
1350,4
1351,4
1352,4
1353,5
1354,5
1355,6
1356,5
1357,4
1358,4
1359,4
1360,4
1361,4
1362,4
1363,4
1364,5
1365,5
1366,5
1367,5
1368,5
1369,6
1370,5
1371,4
1372,4
1373,4
1374,4
1375,4
1376,4
1377,4
1378,5
1379,5
1380,5
1381,5
1382,5
1383,5
1384,5
1385,5
1386,5
1387,5
1388,5
1389,5
1390,6
1391,5
1392,4
1393,5
1394,5
1395,5
1396,5
1397,5
1398,4
1399,4
1400,3
1401,3
1402,3
1403,3
1404,3
1405,3
1406,3
1407,2
1408,2
1409,1
1410,1
1411,1
1412,1
1413,0
1414,0
1415,0
1416,0
1417,1
1418,1
1419,1
1420,1
1421,1
1422,1
1423,2
1424,3
1425,3
1426,3
1427,3
1428,3
1429,3
1430,3
1431,3
1432,3
1433,3
1434,3
1435,3
1436,4
1437,5
1438,5
1439,5
1440,6
1441,5
1442,5
1443,4
1444,4
1445,4
1446,5
1447,5
1448,5
1449,5
1450,5
1451,6
1452,5
1453,5
1454,5
1455,6
1456,5
1457,5
1458,5
1459,5
1460,5
1461,5
1462,5
1463,5
1464,5
1465,5
1466,5
1467,5
1468,5
1469,5
1470,5
1471,5
1472,5
1473,5
1474,5
1475,5
1476,5
1477,5
1478,5
1479,5
1480,4
1481,4
1482,4
1483,4
1484,4
1485,4
1486,5
1487,5
1488,5
1489,5
1490,5
1491,5
1492,5
1493,5
1494,5
1495,5
1496,5
1497,5
1498,5
1499,5
1500,5
1501,5
1502,5
1503,5
1504,5
1505,5
1506,5
1507,5
1508,6
1509,5
1510,4
1511,4
1512,4
1513,4
1514,5
1515,5
1516,5
1517,6
1518,4
1519,4
1520,4
1521,4
1522,4
1523,3
1524,3
1525,3
1526,3
1527,3
1528,3
1529,3
1530,2
1531,1
1532,0
1533,0
1534,0
1535,0
1536,0
1537,1
1538,1
1539,1
1540,1
1541,1
1542,1
1543,1
1544,2
1545,3
1546,3
1547,3
1548,2
1549,2
1550,3
1551,3
1552,3
1553,3
1554,3
1555,3
1556,3
1557,3
1558,3
1559,3
1560,3
1561,3
1562,3
1563,3
1564,4
1565,4
1566,4
1567,4
1568,4
1569,4
1570,4
1571,4
1572,4
1573,4
1574,4
1575,4
1576,4
1577,4
1578,4
1579,4
1580,5
1581,5
1582,5
1583,5
1584,5
1585,6
1586,5
1587,6
1588,5
1589,5
1590,5
1591,5
1592,5
1593,5
1594,5
1595,6
1596,5
1597,6
1598,4
1599,4
1600,4
1601,3
1602,3
1603,3
1604,4
1605,4
1606,4
1607,4
1608,4
1609,4
1610,4
1611,4
1612,4
1613,4
1614,4
1615,4
1616,4
1617,4
1618,4
1619,4
1620,4
1621,4
1622,4
1623,4
1624,4
1625,4
1626,5
1627,5
1628,4
1629,4
1630,4
1631,4
1632,4
1633,4
1634,4
1635,4
1636,4
1637,4
1638,4
1639,4
1640,4
1641,2
1642,2
1643,2
1644,2
1645,2
1646,2
1647,3
1648,3
1649,3
1650,3
1651,3
1652,3
1653,3
1654,2
1655,2
1656,2
1657,3
1658,3
1659,3
1660,3
1661,3
1662,2
1663,3
1664,4
1665,4
1666,4
1667,4
1668,4
1669,4
1670,3
1671,3
1672,3
1673,3
1674,3
1675,3
1676,3
1677,3
1678,2
1679,2
1680,2
1681,2
1682,1
1683,1
1684,1
1685,1
1686,1
1687,1
1688,1
1689,1
1690,1
1691,1
1692,1
1693,1
1694,2
1695,2
1696,3
1697,3
1698,3
1699,3
1700,3
1701,3
1702,3
1703,3
1704,3
1705,3
1706,3
1707,3
1708,3
1709,3
1710,3
1711,3
1712,3
1713,3
1714,3
1715,3
1716,3
1717,3
1718,3
1719,3
1720,3
1721,3
1722,3
1723,3
1724,3
1725,3
1726,3
1727,3
1728,3
1729,3
1730,3
1731,3
1732,3
1733,3
1734,3
1735,3
1736,4
1737,4
1738,4
1739,4
1740,4
1741,4
1742,4
1743,5
1744,5
1745,5
1746,5
1747,4
1748,4
1749,4
1750,4
1751,4
1752,4
1753,4
1754,4
1755,4
1756,4
1757,4
1758,4
1759,4
1760,4
1761,5
1762,5
1763,5
1764,5
1765,5
1766,5
1767,5
1768,5
1769,5
1770,5
1771,5
1772,6
1773,5
1774,5
1775,5
1776,5
1777,5
1778,5
1779,5
1780,5
1781,5
1782,6
1783,6
1784,6
1785,5
1786,5
1787,5
1788,5
1789,5
1790,5
1791,5
1792,5
1793,5
1794,5
1795,5
1796,5
1797,5
1798,5
1799,5
1800,5
1801,5
1802,5
1803,5
1804,5
1805,5
1806,5
1807,5
1808,5
1809,5
1810,5
1811,5
1812,5
1813,5
1814,5
1815,5
1816,5
1817,5
1818,5
1819,5
1820,5
1821,5
1822,5
1823,5
1824,5
1825,5
1826,5
1827,5
1828,5
1829,5
1830,5
1831,5
1832,5
1833,5
1834,5
1835,5
1836,5
1837,5
1838,5
1839,5
1840,5
1841,5
1842,5
1843,5
1844,4
1845,4
1846,5
1847,5
1848,5
1849,5
1850,6
1851,5
1852,5
1853,5
1854,6
1855,5
1856,5
1857,5
1858,5
1859,4
1860,2
1861,1
1862,0
1863,0
1864,0
1865,0
1866,0
1867,0
1868,1
1869,2
1870,2
1871,2
1872,2
1873,2
1874,3
1875,3
1876,3
1877,3
1878,3
1879,3
1880,3
1881,3
1882,4
1883,5
1884,6
1885,5
1886,5
1887,5
1888,5
1889,5
1890,6
1891,5
1892,6
1893,5
1894,5
1895,6
1896,5
1897,5
1898,5
1899,5
1900,5
1901,5
1902,5
1903,4
1904,5
1905,4
1906,4
1907,4
1908,4
1909,4
1910,4
1911,3
1912,3
1913,3
1914,3
1915,3
1916,3
1917,3
1918,3
1919,2
1920,0
1921,1
1922,1
1923,1
1924,1
1925,1
1926,1
1927,1
1928,1
1929,1
1930,1
1931,1
1932,1
1933,1
1934,1
1935,2
1936,2
1937,2
1938,2
1939,2
1940,2
1941,3
1942,3
1943,4
1944,4
1945,5
1946,6
1947,5
1948,5
1949,5
1950,5
1951,5
1952,5
1953,6
1954,5
1955,4
1956,5
1957,4
1958,4
1959,4
1960,4
1961,4
1962,4
1963,4
1964,4
1965,4
1966,4
1967,5
1968,5
1969,6
1970,5
1971,5
1972,4
1973,4
1974,4
1975,5
1976,6
1977,5
1978,5
1979,5
1980,5
1981,5
1982,6
1983,5
1984,5
1985,5
1986,5
1987,4
1988,4
1989,4
1990,4
1991,4
1992,4
1993,4
1994,4
1995,4
1996,4
1997,3
1998,2
1999,2
2000,2
2001,2
2002,2
2003,2
2004,2
2005,2
2006,2
2007,2
2008,2
2009,2
2010,2
2011,2
2012,2
2013,2
2014,2
2015,2
2016,2
2017,2
2018,2
2019,2
2020,3
2021,3
2022,3
2023,3
2024,3
2025,2
2026,2
2027,2
2028,2
2029,3
2030,3
2031,3
2032,3
2033,3
2034,2
2035,2
2036,2
2037,2
2038,2
2039,2
2040,2
2041,3
2042,3
2043,3
2044,3
2045,3
2046,3
2047,3
2048,3
2049,3
2050,2
2051,2
2052,2
2053,2
2054,2
2055,2
2056,2
2057,2
2058,2
2059,2
2060,2
2061,2
2062,2
2063,2
2064,2
2065,2
2066,2
2067,2
2068,2
2069,2
2070,2
2071,2
2072,2
2073,2
2074,2
2075,2
2076,2
2077,1
2078,1
2079,2
2080,2
2081,2
2082,3
2083,3
2084,3
2085,3
2086,3
2087,2
2088,2
2089,2
2090,2
2091,2
2092,1
2093,2
2094,2
2095,2
2096,2
2097,3
2098,3
2099,3
2100,3
2101,3
2102,3
2103,4
2104,4
2105,4
2106,4
2107,4
2108,4
2109,5
2110,5
2111,5
2112,5
2113,5
2114,5
2115,5
2116,5
2117,5
2118,5
2119,5
2120,5
2121,5
2122,5
2123,6
2124,5
2125,5
2126,5
2127,5
2128,5
2129,6
2130,5
2131,5
2132,5
2133,5
2134,5
2135,5
2136,5
2137,4
2138,4
2139,4
2140,4
2141,4
2142,4
2143,5
2144,5
2145,5
2146,5
2147,5
2148,5
2149,5
2150,4
2151,4
2152,4
2153,4
2154,4
2155,5
2156,5
2157,5
2158,5
2159,5
2160,5
2161,5
2162,5
2163,5
2164,6
2165,4
2166,4
2167,4
2168,4
2169,4
2170,4
2171,4
2172,3
2173,3
2174,3
2175,3
2176,3
2177,4
2178,4
2179,4
2180,4
2181,4
2182,4
2183,4
2184,4
2185,4
2186,4
2187,4
2188,4
2189,4
2190,4
2191,4
2192,4
2193,4
2194,4
2195,4
2196,4
2197,3
2198,3
2199,3
2200,3
2201,3
2202,3
2203,3
2204,3
2205,3
2206,3
2207,3
2208,3
2209,3
2210,3
2211,3
2212,3
2213,3
2214,3
2215,3
2216,3
2217,3
2218,3
2219,3
2220,3
2221,3
2222,3
2223,3
2224,3
2225,3
2226,3
2227,3
2228,2
2229,2
2230,2
2231,3
2232,3
2233,3
2234,3
2235,3
2236,3
2237,3
2238,2
2239,2
2240,2
2241,2
2242,1
2243,1
2244,1
2245,1
2246,1
2247,1
2248,1
2249,1
2250,1
2251,1
2252,1
2253,0
2254,1
2255,1
2256,0
2257,0
2258,0
2259,0
2260,0
2261,0
2262,0
2263,0
2264,1
2265,0
2266,0
2267,1
2268,2
2269,2
2270,2
2271,2
2272,2
2273,2
2274,2
2275,2
2276,2
2277,2
2278,2
2279,2
2280,2
2281,2
2282,2
2283,3
2284,3
2285,4
2286,4
2287,4
2288,4
2289,4
2290,4
2291,4
2292,4
2293,4
2294,4
2295,4
2296,4
2297,4
2298,4
2299,4
2300,4
2301,4
2302,4
2303,4
2304,4
2305,4
2306,4
2307,5
2308,5
2309,5
2310,5
2311,5
2312,5
2313,5
2314,5
2315,4
2316,4
2317,4
2318,4
2319,4
2320,4
2321,4
2322,4
2323,4
2324,5
2325,5
2326,5
2327,5
2328,5
2329,5
2330,5
2331,5
2332,5
2333,6
2334,6
2335,4
2336,2
2337,1
2338,2
2339,2
2340,2
2341,2
2342,2
2343,2
2344,2
2345,2
2346,2
2347,2
2348,2
2349,2
2350,2
2351,2
2352,2
2353,2
2354,2
2355,2
2356,2
2357,3
2358,3
2359,3
2360,3
2361,3
2362,3
2363,3
2364,3
2365,3
2366,3
2367,3
2368,2
2369,3
2370,3
2371,3
2372,3
2373,3
2374,4
2375,4
2376,4
2377,4
2378,4
2379,4
2380,4
2381,5
2382,5
2383,5
2384,5
2385,6
2386,4
2387,2
2388,1
2389,1
2390,1
2391,1
2392,1
2393,1
2394,1
2395,2
2396,2
2397,3
2398,4
2399,4
2400,4
2401,4
2402,4
2403,5
2404,5
2405,5
2406,5
2407,5
2408,5
2409,5
2410,5
2411,5
2412,5
2413,5
2414,6
2415,5
2416,4
2417,4
2418,4
2419,4
2420,4
2421,4
2422,4
2423,4
2424,4
2425,3
2426,3
2427,3
2428,3
2429,3
2430,3
2431,3
2432,3
2433,3
2434,3
2435,3
2436,3
2437,3
2438,4
2439,4
2440,4
2441,4
2442,4
2443,4
2444,4
2445,4
2446,4
2447,4
2448,4
2449,4
2450,4
2451,3
2452,3
2453,3
2454,4
2455,4
2456,4
2457,4
2458,4
2459,4
2460,4
2461,4
2462,4
2463,4
2464,5
2465,5
2466,5
2467,5
2468,5
2469,5
2470,5
2471,5
2472,5
2473,6
2474,5
2475,4
2476,4
2477,4
2478,4
2479,4
2480,4
2481,4
2482,4
2483,3
2484,3
2485,3
2486,3
2487,3
2488,4
2489,3
2490,3
2491,3
2492,3
2493,4
2494,4
2495,5
2496,5
2497,5
2498,5
2499,6
2500,5
2501,4
2502,4
2503,4
2504,4
2505,4
2506,5
2507,4
2508,4
2509,4
2510,4
2511,4
2512,4
2513,5
2514,5
2515,5
2516,5
2517,6
2518,5
2519,4
2520,4
2521,4
2522,4
2523,4
2524,4
2525,4
2526,4
2527,4
2528,4
2529,4
2530,4
2531,4
2532,4
2533,4
2534,4
2535,4
2536,4
2537,4
2538,4
2539,3
2540,2
2541,2
2542,2
2543,2
2544,2
2545,2
2546,1
2547,2
2548,2
2549,2
2550,2
2551,2
2552,2
2553,2
2554,2
2555,2
2556,2
2557,2
2558,1
2559,1
2560,1
2561,1
2562,1
2563,1
2564,2
2565,2
2566,2
2567,2
2568,2
2569,2
2570,2
2571,1
2572,1
2573,1
2574,1
2575,1
2576,1
2577,1
2578,1
2579,1
2580,1
2581,1
2582,1
2583,1
2584,1
2585,2
2586,2
2587,2
2588,2
2589,2
2590,2
2591,2
2592,2
2593,2
2594,2
2595,2
2596,2
2597,2
2598,2
2599,2
2600,2
2601,2
2602,3
2603,3
2604,3
2605,3
2606,3
2607,2
2608,2
2609,2
2610,2
2611,2
2612,2
2613,3
2614,4
2615,4
2616,4
2617,4
2618,4
2619,5
2620,5
2621,5
2622,5
2623,5
2624,5
2625,5
2626,5
2627,5
2628,5
2629,5
2630,5
2631,5
2632,5
2633,6
2634,6
2635,5
2636,5
2637,5
2638,5
2639,5
2640,5
2641,5
2642,5
2643,5
2644,5
2645,6
2646,5
2647,5
2648,5
2649,6
2650,5
2651,5
2652,5
2653,5
2654,5
2655,5
2656,6
2657,5
2658,4
2659,4
2660,4
2661,4
2662,4
2663,4
2664,4
2665,4
2666,4
2667,4
2668,4
2669,4
2670,4
2671,4
2672,4
2673,4
2674,3
2675,3
2676,3
2677,3
2678,3
2679,2
2680,1
2681,0
2682,0
2683,0
2684,0
2685,0
2686,0
2687,0
2688,1
2689,1
2690,1
2691,1
2692,1
2693,1
2694,1
2695,1
2696,1
2697,1
2698,1
2699,1
2700,1
2701,1
2702,1
2703,1
2704,2
2705,2
2706,2
2707,2
2708,2
2709,2
2710,3
2711,3
2712,3
2713,3
2714,3
2715,4
2716,4
2717,4
2718,4
2719,4
2720,4
2721,4
2722,4
2723,4
2724,4
2725,4
2726,4
2727,5
2728,5
2729,5
2730,5
2731,5
2732,5
2733,5
2734,5
2735,5
2736,5
2737,5
2738,5
2739,5
2740,5
2741,5
2742,5
2743,5
2744,5
2745,6
2746,5
2747,5
2748,5
2749,5
2750,5
2751,5
2752,5
2753,5
2754,6
2755,5
2756,5
2757,5
2758,5
2759,5
2760,6
2761,5
2762,6
2763,5
2764,5
2765,5
2766,5
2767,5
2768,5
2769,5
2770,5
2771,6
2772,5
2773,5
2774,5
2775,4
2776,4
2777,4
2778,3
2779,3
2780,3
2781,3
2782,3
2783,2
2784,2
2785,2
2786,2
2787,2
2788,2
2789,2
2790,2
2791,2
2792,2
2793,2
2794,2
2795,2
2796,3
2797,4
2798,4
2799,4
2800,3
2801,4
2802,3
2803,3
2804,3
2805,3
2806,3
2807,2
2808,2
2809,2
2810,2
2811,2
2812,2
2813,2
2814,2
2815,2
2816,2
2817,2
2818,2
2819,2
2820,2
2821,1
2822,1
2823,2
2824,2
2825,2
2826,2
2827,2
2828,2
2829,2
2830,3
2831,3
2832,1
2833,1
2834,1
2835,1
2836,1
2837,1
2838,1
2839,1
2840,1
2841,1
2842,1
2843,1
2844,1
2845,1
2846,1
2847,1
2848,1
2849,1
2850,1
2851,1
2852,1
2853,1
2854,1
2855,1
2856,2
2857,2
2858,2
2859,2
2860,2
2861,3
2862,3
2863,3
2864,3
2865,3
2866,3
2867,4
2868,4
2869,4
2870,5
2871,5
2872,5
2873,5
2874,5
2875,5
2876,5
2877,5
2878,5
2879,5
2880,5
2881,4
2882,4
2883,4
2884,4
2885,5
2886,5
2887,5
2888,5
2889,6
2890,5
2891,5
2892,5
2893,5
2894,5
2895,5
2896,5
2897,5
2898,5
2899,5
2900,5
2901,5
2902,5
2903,5
2904,5
2905,5
2906,5
2907,5
2908,5
2909,4
2910,3
2911,3
2912,4
2913,4
2914,4
2915,4
2916,4
2917,4
2918,4
2919,4
2920,4
2921,4
2922,4
2923,4
2924,4
2925,4
2926,4
2927,4
2928,4
2929,4
2930,4
2931,4
2932,4
2933,4
2934,4
2935,4
2936,5
2937,5
2938,5
2939,5
2940,5
2941,5
2942,5
2943,5
2944,5
2945,5
2946,5
2947,5
2948,6
2949,5
2950,5
2951,4
2952,3
2953,3
2954,3
2955,3
2956,3
2957,3
2958,3
2959,3
2960,3
2961,3
2962,3
2963,3
2964,3
2965,3
2966,3
2967,3
2968,3
2969,3
2970,3
2971,3
2972,3
2973,3
2974,3
2975,3
2976,3
2977,3
2978,3
2979,4
2980,4
2981,4
2982,5
2983,5
2984,5
2985,5
2986,5
2987,5
2988,5
2989,5
2990,5
2991,6
2992,5
2993,5
2994,5
2995,5
2996,5
2997,5
2998,5
2999,6
3000,5
3001,5
3002,5
3003,5
3004,5
3005,5
3006,5
3007,6
3008,5
3009,5
3010,5
3011,5
3012,5
3013,5
3014,5
3015,5
3016,5
3017,5
3018,5
3019,5
3020,5
3021,4
3022,4
3023,4
3024,4
3025,4
3026,3
3027,3
3028,3
3029,3
3030,3
3031,3
3032,2
3033,2
3034,3
3035,3
3036,2
3037,1
3038,1
3039,1
3040,1
3041,1
3042,2
3043,2
3044,3
3045,3
3046,2
3047,2
3048,2
3049,2
3050,2
3051,2
3052,2
3053,2
3054,3
3055,3
3056,3
3057,3
3058,3
3059,3
3060,3
3061,3
3062,3
3063,3
3064,4
3065,4
3066,4
3067,5
3068,5
3069,5
3070,5
3071,5
3072,5
3073,5
3074,6
3075,5
3076,5
3077,5
3078,5
3079,5
3080,5
3081,5
3082,5
3083,5
3084,5
3085,5
3086,5
3087,5
3088,4
3089,4
3090,4
3091,4
3092,4
3093,5
3094,5
3095,5
3096,5
3097,5
3098,6
3099,6
3100,5
3101,5
3102,5
3103,5
3104,5
3105,5
3106,5
3107,6
3108,4
3109,4
3110,4
3111,4
3112,4
3113,4
3114,4
3115,3
3116,3
3117,3
3118,3
3119,3
3120,3
3121,3
3122,3
3123,4
3124,5
3125,5
3126,5
3127,5
3128,5
3129,5
3130,5
3131,5
3132,5
3133,5
3134,5
3135,5
3136,5
3137,5
3138,5
3139,5
3140,5
3141,5
3142,5
3143,5
3144,5
3145,5
3146,6
3147,5
3148,5
3149,5
3150,5
3151,5
3152,5
3153,5
3154,6
3155,5
3156,5
3157,5
3158,5
3159,5
3160,5
3161,5
3162,5
3163,4
3164,3
3165,3
3166,3
3167,3
3168,3
3169,3
3170,3
3171,3
3172,3
3173,3
3174,3
3175,2
3176,2
3177,2
3178,2
3179,3
3180,3
3181,3
3182,3
3183,4
3184,4
3185,4
3186,3
3187,3
3188,3
3189,3
3190,3
3191,2
3192,0
3193,1
3194,0
3195,0
3196,0
3197,0
3198,0
3199,0
3200,0
3201,0
3202,0
3203,0
3204,0
3205,0
3206,0
3207,0
3208,0
3209,0
3210,0
3211,0
3212,0
3213,0
3214,0
3215,0
3216,0
3217,0
3218,0
3219,0
3220,0
3221,0
3222,0
3223,0
3224,0
3225,0
3226,0
3227,0
3228,0
3229,0
3230,0
3231,1
3232,0
3233,0
3234,0
3235,0
3236,0
3237,0
3238,0
3239,0
3240,0
3241,0
3242,0
3243,0
3244,0
3245,0
3246,0
3247,1
3248,2
3249,3
3250,3
3251,3
3252,3
3253,3
3254,3
3255,3
3256,4
3257,4
3258,4
3259,4
3260,4
3261,4
3262,4
3263,5
3264,5
3265,5
3266,5
3267,5
3268,5
3269,6
3270,5
3271,5
3272,5
3273,5
3274,5
3275,5
3276,5
3277,5
3278,5
3279,6
3280,5
3281,4
3282,4
3283,4
3284,4
3285,4
3286,4
3287,4
3288,4
3289,4
3290,4
3291,4
3292,4
3293,4
3294,4
3295,4
3296,4
3297,4
3298,4
3299,4
3300,4
3301,4
3302,4
3303,5
3304,4
3305,4
3306,4
3307,4
3308,5
3309,5
3310,5
3311,5
3312,5
3313,5
3314,5
3315,5
3316,5
3317,5
3318,5
3319,5
3320,5
3321,5
3322,6
3323,5
3324,4
3325,4
3326,4
3327,4
3328,4
3329,4
3330,4
3331,4
3332,4
3333,4
3334,4
3335,4
3336,4
3337,4
3338,4
3339,4
3340,4
3341,4
3342,4
3343,4
3344,4
3345,4
3346,3
3347,3
3348,3
3349,3
3350,3
3351,3
3352,3
3353,3
3354,3
3355,3
3356,3
3357,3
3358,3
3359,3
3360,2
3361,2
3362,2
3363,2
3364,2
3365,2
3366,2
3367,2
3368,3
3369,3
3370,4
3371,4
3372,5
3373,5
3374,5
3375,5
3376,5
3377,5
3378,6
3379,4
3380,3
3381,3
3382,4
3383,4
3384,4
3385,4
3386,4
3387,4
3388,4
3389,4
3390,4
3391,4
3392,4
3393,4
3394,4
3395,3
3396,3
3397,3
3398,3
3399,2
3400,2
3401,2
3402,2
3403,3
3404,3
3405,3
3406,3
3407,3
3408,3
3409,3
3410,3
3411,3
3412,3
3413,3
3414,3
3415,3
3416,3
3417,3
3418,3
3419,3
3420,3
3421,3
3422,3
3423,3
3424,3
3425,3
3426,4
3427,4
3428,3
3429,2
3430,2
3431,2
3432,2
3433,2
3434,2
3435,2
3436,2
3437,2
3438,2
3439,2
3440,2
3441,2
3442,2
3443,2
3444,3
3445,3
3446,3
3447,3
3448,3
3449,3
3450,3
3451,3
3452,3
3453,4
3454,4
3455,4
3456,3
3457,3
3458,3
3459,3
3460,3
3461,2
3462,1
3463,1
3464,1
3465,1
3466,1
3467,1
3468,1
3469,1
3470,1
3471,1
3472,1
3473,1
3474,1
3475,1
3476,1
3477,1
3478,1
3479,2
3480,2
3481,3
3482,3
3483,3
3484,3
3485,3
3486,3
3487,3
3488,3
3489,3
3490,3
3491,4
3492,4
3493,4
3494,4
3495,4
3496,4
3497,4
3498,3
3499,3
3500,3
3501,3
3502,3
3503,3
3504,3
3505,3
3506,3
3507,3
3508,3
3509,3
3510,3
3511,3
3512,4
3513,4
3514,4
3515,3
3516,3
3517,3
3518,4
3519,4
3520,4
3521,4
3522,4
3523,4
3524,4
3525,4
3526,4
3527,4
3528,5
3529,5
3530,5
3531,5
3532,5
3533,5
3534,5
3535,5
3536,5
3537,6
3538,5
3539,5
3540,5
3541,5
3542,5
3543,5
3544,5
3545,5
3546,5
3547,5
3548,5
3549,5
3550,5
3551,5
3552,5
3553,5
3554,6
3555,5
3556,6
3557,5
3558,5
3559,5
3560,6
3561,5
3562,4
3563,4
3564,4
3565,5
3566,6
3567,5
3568,5
3569,5
3570,5
3571,5
3572,3
3573,3
3574,3
3575,3
3576,4
3577,4
3578,3
3579,4
3580,4
3581,4
3582,4
3583,4
3584,5
3585,4
3586,4
3587,3
3588,2
3589,2
3590,2
3591,2
3592,1
3593,1
3594,1
3595,0
3596,0
3597,1
3598,1
3599,1
3600,1
3601,1
3602,1
3603,1
3604,2
3605,2
3606,2
3607,2
3608,2
3609,2
3610,2
3611,2
3612,2
3613,2
3614,2
3615,2
3616,2
3617,2
3618,2
3619,2
3620,2
3621,3
3622,3
3623,3
3624,3
3625,3
3626,3
3627,3
3628,3
3629,3
3630,3
3631,3
3632,3
3633,3
3634,3
3635,3
3636,3
3637,3
3638,3
3639,3
3640,3
3641,3
3642,3
3643,3
3644,3
3645,4
3646,4
3647,3
3648,3
3649,3
3650,3
3651,3
3652,4
3653,4
3654,4
3655,4
3656,4
3657,4
3658,4
3659,4
3660,4
3661,4
3662,4
3663,4
3664,4
3665,4
3666,4
3667,4
3668,4
3669,5
3670,5
3671,5
3672,5
3673,5
3674,5
3675,5
3676,5
3677,5
3678,6
3679,5
3680,6
3681,5
3682,5
3683,5
3684,5
3685,5
3686,5
3687,5
3688,5
3689,5
3690,5
3691,5
3692,5
3693,5
3694,5
3695,5
3696,5
3697,5
3698,5
3699,5
3700,5
3701,5
3702,5
3703,5
3704,5
3705,5
3706,6
3707,5
3708,5
3709,5
3710,5
3711,5
3712,5
3713,5
3714,5
3715,4
3716,4
3717,4
3718,4
3719,4
3720,4
3721,4
3722,4
3723,4
3724,4
3725,4
3726,4
3727,4
3728,4
3729,4
3730,4
3731,4
3732,3
3733,3
3734,2
3735,2
3736,2
3737,2
3738,2
3739,2
3740,2
3741,2
3742,2
3743,2
3744,2
3745,2
3746,2
3747,2
3748,3
3749,3
3750,3
3751,3
3752,3
3753,3
3754,3
3755,4
3756,4
3757,4
3758,4
3759,4
3760,4
3761,4
3762,4
3763,4
3764,4
3765,4
3766,4
3767,4
3768,4
3769,4
3770,4
3771,4
3772,4
3773,4
3774,4
3775,5
3776,5
3777,5
3778,5
3779,5
3780,5
3781,5
3782,5
3783,6
3784,5
3785,4
3786,4
3787,4
3788,4
3789,4
3790,3
3791,3
3792,3
3793,2
3794,2
3795,2
3796,2
3797,2
3798,2
3799,2
3800,3
3801,3
3802,4
3803,4
3804,4
3805,4
3806,4
3807,4
3808,4
3809,4
3810,4
3811,4
3812,3
3813,3
3814,3
3815,4
3816,3
3817,3
3818,3
3819,1
3820,1
3821,1
3822,1
3823,1
3824,1
3825,1
3826,1
3827,1
3828,1
3829,1
3830,1
3831,1
3832,1
3833,1
3834,0
3835,0
3836,0
3837,0
3838,1
3839,1
3840,1
3841,1
3842,1
3843,1
3844,1
3845,2
3846,2
3847,2
3848,1
3849,1
3850,1
3851,1
3852,1
3853,1
3854,1
3855,1
3856,1
3857,1
3858,1
3859,2
3860,2
3861,2
3862,2
3863,2
3864,2
3865,2
3866,2
3867,2
3868,2
3869,2
3870,2
3871,2
3872,2
3873,2
3874,2
3875,2
3876,2
3877,2
3878,2
3879,2
3880,2
3881,3
3882,3
3883,3
3884,3
3885,3
3886,3
3887,2
3888,2
3889,2
3890,2
3891,2
3892,2
3893,3
3894,3
3895,3
3896,4
3897,4
3898,4
3899,4
3900,4
3901,4
3902,4
3903,4
3904,4
3905,4
3906,4
3907,4
3908,4
3909,4
3910,4
3911,4
3912,5
3913,5
3914,5
3915,5
3916,5
3917,5
3918,6
3919,5
3920,5
3921,5
3922,5
3923,5
3924,5
3925,5
3926,5
3927,6
3928,5
3929,5
3930,5
3931,5
3932,5
3933,5
3934,5
3935,5
3936,5
3937,5
3938,5
3939,5
3940,5
3941,5
3942,5
3943,5
3944,5
3945,6
3946,6
3947,5
3948,6
3949,5
3950,4
3951,4
3952,4
3953,4
3954,4
3955,4
3956,4
3957,4
3958,4
3959,4
3960,4
3961,4
3962,4
3963,5
3964,4
3965,5
3966,6
3967,5
3968,5
3969,5
3970,5
3971,5
3972,6
3973,5
3974,5
3975,5
3976,4
3977,4
3978,4
3979,4
3980,4
3981,4
3982,5
3983,5
3984,5
3985,5
3986,6
3987,5
3988,4
3989,3
3990,3
3991,3
3992,2
3993,2
3994,3
3995,3
3996,3
3997,2
3998,1
3999,0
4000,0
4001,0
4002,0
4003,0
4004,1
4005,0
4006,0
4007,0
4008,0
4009,0
4010,0
4011,1
4012,1
4013,1
4014,1
4015,1
4016,1
4017,1
4018,2
4019,2
4020,2
4021,2
4022,2
4023,2
4024,2
4025,2
4026,2
4027,2
4028,3
4029,3
4030,3
4031,3
4032,3
4033,3
4034,3
4035,3
4036,3
4037,3
4038,3
4039,3
4040,3
4041,4
4042,4
4043,4
4044,4
4045,4
4046,4
4047,4
4048,4
4049,4
4050,4
4051,4
4052,4
4053,4
4054,4
4055,4
4056,5
4057,5
4058,5
4059,5
4060,6
4061,5
4062,4
4063,3
4064,3
4065,3
4066,3
4067,3
4068,3
4069,4
4070,4
4071,4
4072,4
4073,4
4074,5
4075,6
4076,5
4077,3
4078,2
4079,2
4080,2
4081,3
4082,3
4083,3
4084,3
4085,3
4086,3
4087,3
4088,3
4089,3
4090,3
4091,3
4092,3
4093,2
4094,2
4095,2
4096,2
4097,2
4098,2
4099,2
4100,2
4101,2
4102,2
4103,2
4104,3
4105,3
4106,3
4107,3
4108,3
4109,3
4110,3
4111,3
4112,3
4113,3
4114,3
4115,3
4116,3
4117,3
4118,3
4119,3
4120,3
4121,3
4122,3
4123,3
4124,3
4125,3
4126,2
4127,2
4128,2
4129,2
4130,3
4131,3
4132,3
4133,3
4134,3
4135,3
4136,4
4137,4
4138,4
4139,4
4140,4
4141,4
4142,4
4143,4
4144,4
4145,4
4146,4
4147,4
4148,4
4149,4
4150,3
4151,3
4152,4
4153,4
4154,4
4155,4
4156,4
4157,4
4158,4
4159,4
4160,4
4161,4
4162,4
4163,4
4164,4
4165,4
4166,4
4167,4
4168,4
4169,4
4170,4
4171,4
4172,4
4173,4
4174,4
4175,4
4176,4
4177,4
4178,4
4179,4
4180,4
4181,4
4182,5
4183,5
4184,4
4185,4
4186,3
4187,3
4188,3
4189,3
4190,3
4191,3
4192,3
4193,3
4194,2
4195,1
4196,2
4197,2
4198,2
4199,2
4200,2
4201,2
4202,2
4203,2
4204,1
4205,1
4206,1
4207,1
4208,1
4209,1
4210,1
4211,1
4212,2
4213,2
4214,2
4215,3
4216,4
4217,4
4218,4
4219,4
4220,4
4221,4
4222,4
4223,4
4224,4
4225,4
4226,4
4227,4
4228,4
4229,4
4230,4
4231,4
4232,4
4233,4
4234,4
4235,5
4236,5
4237,5
4238,5
4239,5
4240,5
4241,5
4242,5
4243,5
4244,5
4245,4
4246,4
4247,4
4248,4
4249,4
4250,4
4251,4
4252,4
4253,5
4254,5
4255,6
4256,5
4257,4
4258,4
4259,4
4260,4
4261,4
4262,4
4263,4
4264,4
4265,4
4266,4
4267,4
4268,4
4269,5
4270,6
4271,5
4272,5
4273,4
4274,5
4275,5
4276,5
4277,5
4278,5
4279,5
4280,5
4281,5
4282,5
4283,4
4284,4
4285,4
4286,4
4287,5
4288,5
4289,5
4290,5
4291,5
4292,6
4293,5
4294,4
4295,4
4296,4
4297,4
4298,5
4299,6
4300,5
4301,4
4302,4
4303,5
4304,5
4305,4
4306,4
4307,4
4308,5
4309,5
4310,5
4311,6
4312,4
4313,3
4314,3
4315,3
4316,3
4317,4
4318,4
4319,4
4320,4
4321,4
4322,4
4323,4
4324,4
4325,4
4326,4
4327,4
4328,4
4329,4
4330,3
4331,3
4332,3
4333,2
4334,1
4335,1
4336,2
4337,2
4338,3
4339,2
4340,0
4341,0
4342,0
4343,0
4344,0
4345,1
4346,1
4347,1
4348,1
4349,2
4350,2
4351,2
4352,2
4353,2
4354,2
4355,2
4356,2
4357,2
4358,2
4359,2
4360,2
4361,3
4362,3
4363,3
4364,3
4365,3
4366,4
4367,4
4368,4
4369,4
4370,4
4371,5
4372,5
4373,5
4374,5
4375,5
4376,5
4377,6
4378,5
4379,5
4380,5
4381,5
4382,5
4383,5
4384,5
4385,5
4386,6
4387,5
4388,5
4389,5
4390,5
4391,5
4392,5
4393,5
4394,5
4395,5
4396,5
4397,5
4398,5
4399,5
4400,5
4401,5
4402,5
4403,6
4404,5
4405,5
4406,5
4407,5
4408,5
4409,5
4410,5
4411,5
4412,5
4413,5
4414,5
4415,5
4416,5
4417,5
4418,5
4419,6
4420,5
4421,5
4422,4
4423,4
4424,4
4425,4
4426,4
4427,4
4428,4
4429,3
4430,3
4431,2
4432,2
4433,2
4434,2
4435,2
4436,2
4437,1
4438,1
4439,1
4440,1
4441,1
4442,1
4443,1
4444,1
4445,2
4446,2
4447,2
4448,2
4449,2
4450,2
4451,2
4452,2
4453,2
4454,3
4455,3
4456,3
4457,4
4458,4
4459,5
4460,5
4461,5
4462,5
4463,5
4464,4
4465,4
4466,4
4467,4
4468,4
4469,4
4470,4
4471,4
4472,4
4473,4
4474,4
4475,5
4476,5
4477,5
4478,6
4479,5
4480,5
4481,5
4482,5
4483,5
4484,5
4485,5
4486,5
4487,5
4488,5
4489,5
4490,5
4491,5
4492,5
4493,6
4494,5
4495,4
4496,4
4497,4
4498,5
4499,5
4500,5
4501,5
4502,5
4503,5
4504,5
4505,5
4506,5
4507,5
4508,5
4509,5
4510,5
4511,5
4512,5
4513,5
4514,5
4515,5
4516,5
4517,5
4518,5
4519,5
4520,5
4521,5
4522,5
4523,5
4524,5
4525,5
4526,5
4527,5
4528,5
4529,5
4530,5
4531,5
4532,5
4533,5
4534,5
4535,5
4536,5
4537,5
4538,5
4539,5
4540,4
4541,4
4542,4
4543,4
4544,5
4545,5
4546,5
4547,5
4548,5
4549,5
4550,5
4551,5
4552,5
4553,5
4554,4
4555,4
4556,4
4557,4
4558,3
4559,3
4560,3
4561,3
4562,3
4563,3
4564,3
4565,3
4566,4
4567,5
4568,6
4569,4
4570,4
4571,4
4572,5
4573,5
4574,5
4575,5
4576,6
4577,6
4578,5
4579,5
4580,5
4581,5
4582,5
4583,5
4584,5
4585,5
4586,5
4587,5
4588,6
4589,5
4590,5
4591,5
4592,5
4593,5
4594,5
4595,5
4596,5
4597,5
4598,5
4599,4
4600,5
4601,5
4602,6
4603,5
4604,5
4605,5
4606,5
4607,5
4608,5
4609,5
4610,4
4611,4
4612,3
4613,3
4614,3
4615,3
4616,3
4617,3
4618,3
4619,3
4620,3
4621,3
4622,3
4623,4
4624,4
4625,4
4626,4
4627,5
4628,4
4629,4
4630,4
4631,3
4632,3
4633,3
4634,3
4635,1
4636,1
4637,1
4638,1
4639,2
4640,2
4641,3
4642,3
4643,3
4644,3
4645,3
4646,3
4647,3
4648,3
4649,3
4650,2
4651,2
4652,3
4653,3
4654,3
4655,3
4656,4
4657,4
4658,4
4659,4
4660,4
4661,4
4662,4
4663,4
4664,4
4665,3
4666,3
4667,3
4668,3
4669,3
4670,3
4671,3
4672,3
4673,2
4674,2
4675,2
4676,1
4677,1
4678,1
4679,1
4680,2
4681,2
4682,3
4683,3
4684,3
4685,3
4686,3
4687,3
4688,3
4689,3
4690,3
4691,3
4692,3
4693,3
4694,3
4695,3
4696,3
4697,3
4698,3
4699,3
4700,3
4701,3
4702,3
4703,4
4704,4
4705,4
4706,5
4707,5
4708,5
4709,5
4710,5
4711,5
4712,6
4713,5
4714,5
4715,5
4716,5
4717,5
4718,5
4719,5
4720,6
4721,5
4722,5
4723,5
4724,6
4725,5
4726,5
4727,5
4728,5
4729,6
4730,5
4731,5
4732,6
4733,4
4734,4
4735,4
4736,4
4737,4
4738,4
4739,4
4740,5
4741,3
4742,3
4743,3
4744,3
4745,3
4746,4
4747,4
4748,4
4749,4
4750,5
4751,4
4752,4
4753,4
4754,5
4755,5
4756,5
4757,5
4758,5
4759,4
4760,4
4761,4
4762,3
4763,3
4764,3
4765,3
4766,3
4767,3
4768,2
4769,2
4770,2
4771,2
4772,3
4773,3
4774,3
4775,3
4776,3
4777,3
4778,4
4779,4
4780,4
4781,5
4782,5
4783,5
4784,5
4785,5
4786,5
4787,5
4788,5
4789,5
4790,5
4791,5
4792,5
4793,3
4794,3
4795,4
4796,5
4797,5
4798,5
4799,5
4800,5
4801,5
4802,4
4803,4
4804,2
4805,3
4806,4
4807,4
4808,4
4809,4
4810,4
4811,4
4812,4
4813,4
4814,4
4815,4
4816,3
4817,3
4818,2
4819,2
4820,2
4821,2
4822,2
4823,2
4824,1
4825,1
4826,1
4827,1
4828,1
4829,1
4830,1
4831,1
4832,1
4833,1
4834,1
4835,2
4836,2
4837,2
4838,2
4839,2
4840,2
4841,2
4842,2
4843,2
4844,2
4845,2
4846,2
4847,3
4848,3
4849,3
4850,3
4851,3
4852,3
4853,3
4854,3
4855,3
4856,3
4857,3
4858,4
4859,4
4860,4
4861,4
4862,4
4863,4
4864,4
4865,4
4866,4
4867,4
4868,4
4869,4
4870,4
4871,4
4872,5
4873,5
4874,6
4875,5
4876,5
4877,5
4878,5
4879,5
4880,5
4881,6
4882,6
4883,5
4884,5
4885,4
4886,4
4887,4
4888,4
4889,4
4890,4
4891,3
4892,3
4893,3
4894,3
4895,3
4896,3
4897,4
4898,4
4899,5
4900,5
4901,5
4902,5
4903,5
4904,5
4905,4
4906,4
4907,4
4908,4
4909,4
4910,4
4911,4
4912,4
4913,4
4914,4
4915,4
4916,4
4917,4
4918,4
4919,4
4920,4
4921,4
4922,4
4923,4
4924,3
4925,2
4926,2
4927,2
4928,2
4929,2
4930,1
4931,0
4932,0
4933,0
4934,0
4935,0
4936,0
4937,0
4938,0
4939,0
4940,0
4941,0
4942,0
4943,1
4944,2
4945,2
4946,2
4947,2
4948,3
4949,3
4950,3
4951,3
4952,3
4953,3
4954,3
4955,4
4956,4
4957,4
4958,5
4959,5
4960,5
4961,5
4962,5
4963,5
4964,5
4965,5
4966,5
4967,5
4968,5
4969,5
4970,5
4971,5
4972,5
4973,5
4974,5
4975,5
4976,5
4977,5
4978,5
4979,5
4980,5
4981,5
4982,5
4983,6
4984,5
4985,5
4986,5
4987,5
4988,5
4989,6
4990,5
4991,5
4992,5
4993,5
4994,5
4995,5
4996,5
4997,5
4998,4
4999,4
5000,4
5001,4
5002,4
5003,4
5004,4
5005,4
5006,4
5007,4
5008,4
5009,4
5010,5
5011,5
5012,5
5013,6
5014,4
5015,4
5016,5
5017,5
5018,5
5019,5
5020,5
5021,5
5022,5
5023,5
5024,5
5025,5
5026,5
5027,5
5028,5
5029,5
5030,5
5031,5
5032,4
5033,4
5034,4
5035,4
5036,4
5037,4
5038,4
5039,4
5040,4
5041,4
5042,4
5043,4
5044,4
5045,4
5046,4
5047,4
5048,4
5049,4
5050,4
5051,3
5052,3
5053,3
5054,3
5055,3
5056,2
5057,2
5058,2
5059,2
5060,2
5061,2
5062,2
5063,3
5064,3
5065,3
5066,3
5067,3
5068,4
5069,4
5070,4
5071,4
5072,4
5073,4
5074,4
5075,4
5076,4
5077,4
5078,5
5079,5
5080,5
5081,5
5082,4
5083,4
5084,4
5085,5
5086,5
5087,5
5088,5
5089,5
5090,5
5091,5
5092,5
5093,5
5094,4
5095,4
5096,4
5097,4
5098,4
5099,4
5100,4
5101,4
5102,4
5103,4
5104,4
5105,4
5106,4
5107,4
5108,4
5109,4
5110,4
5111,4
5112,5
5113,5
5114,5
5115,6
5116,4
5117,5
5118,5
5119,5
5120,5
5121,5
5122,5
5123,5
5124,6
5125,5
5126,4
5127,5
5128,5
5129,6
5130,4
5131,5
5132,5
5133,5
5134,5
5135,4
5136,4
5137,4
5138,4
5139,4
5140,4
5141,3
5142,3
5143,4
5144,4
5145,5
5146,5
5147,5
5148,6
5149,5
5150,5
5151,5
5152,5
5153,4
5154,4
5155,4
5156,3
5157,2
5158,2
5159,2
5160,1
5161,0
5162,0
5163,0
5164,0
5165,0
5166,0
5167,0
5168,0
5169,0
5170,0
5171,1
5172,1
5173,0
5174,0
5175,0
5176,0
5177,0
5178,0
5179,0
5180,0
5181,0
5182,0
5183,0
5184,0
5185,0
5186,0
5187,0
5188,1
5189,1
5190,1
5191,1
5192,1
5193,1
5194,1
5195,1
5196,1
5197,1
5198,2
5199,2
5200,2
5201,2
5202,2
5203,2
5204,2
5205,2
5206,2
5207,2
5208,2
5209,2
5210,2
5211,2
5212,2
5213,3
5214,3
5215,3
5216,3
5217,3
5218,3
5219,3
5220,3
5221,3
5222,3
5223,3
5224,3
5225,3
5226,3
5227,3
5228,3
5229,3
5230,3
5231,3
5232,3
5233,3
5234,3
5235,3
5236,3
5237,3
5238,3
5239,4
5240,4
5241,3
5242,3
5243,3
5244,3
5245,3
5246,3
5247,3
5248,3
5249,3
5250,3
5251,3
5252,3
5253,3
5254,3
5255,3
5256,3
5257,3
5258,3
5259,4
5260,4
5261,4
5262,3
5263,3
5264,4
5265,4
5266,4
5267,4
5268,4
5269,4
5270,4
5271,4
5272,4
5273,4
5274,4
5275,4
5276,4
5277,4
5278,4
5279,4
5280,4
5281,4
5282,4
5283,4
5284,4
5285,4
5286,5
5287,5
5288,5
5289,5
5290,5
5291,5
5292,6
5293,6
5294,6
5295,5
5296,5
5297,5
5298,5
5299,5
5300,5
5301,5
5302,5
5303,5
5304,5
5305,5
5306,5
5307,6
5308,5
5309,4
5310,4
5311,5
5312,4
5313,4
5314,5
5315,5
5316,5
5317,5
5318,5
5319,5
5320,5
5321,5
5322,5
5323,5
5324,5
5325,5
5326,5
5327,5
5328,6
5329,4
5330,3
5331,3
5332,3
5333,3
5334,3
5335,3
5336,3
5337,3
5338,3
5339,3
5340,3
5341,3
5342,3
5343,2
5344,2
5345,2
5346,2
5347,2
5348,2
5349,1
5350,2
5351,2
5352,2
5353,2
5354,2
5355,3
5356,3
5357,3
5358,2
5359,2
5360,3
5361,3
5362,3
5363,3
5364,3
5365,3
5366,3
5367,3
5368,4
5369,4
5370,3
5371,3
5372,3
5373,3
5374,4
5375,4
5376,4
5377,4
5378,4
5379,4
5380,4
5381,4
5382,5
5383,5
5384,5
5385,5
5386,5
5387,5
5388,5
5389,5
5390,5
5391,4
5392,4
5393,4
5394,4
5395,4
5396,5
5397,6
5398,5
5399,5
5400,5
5401,4
5402,4
5403,5
5404,5
5405,5
5406,5
5407,5
5408,5
5409,5
5410,5
5411,5
5412,5
5413,5
5414,5
5415,6
5416,5
5417,5
5418,6
5419,5
5420,5
5421,5
5422,5
5423,5
5424,5
5425,5
5426,5
5427,5
5428,4
5429,4
5430,4
5431,4
5432,3
5433,2
5434,2
5435,3
5436,3
5437,2
5438,3
5439,3
5440,3
5441,3
5442,3
5443,3
5444,3
5445,3
5446,3
5447,4
5448,3
5449,3
5450,2
5451,2
5452,1
5453,0
5454,0
5455,0
5456,1
5457,0
5458,0
5459,0
5460,0
5461,0
5462,0
5463,0
5464,0
5465,0
5466,0
5467,0
5468,0
5469,0
5470,0
5471,0
5472,0
5473,0
5474,0
5475,0
5476,0
5477,0
5478,0
5479,0
5480,0
5481,0
5482,0
5483,0
5484,0
5485,1
5486,1
5487,2
5488,2
5489,2
5490,1
5491,1
5492,1
5493,1
5494,1
5495,1
5496,1
5497,1
5498,1
5499,1
5500,1
5501,1
5502,1
5503,2
5504,2
5505,2
5506,2
5507,2
5508,2
5509,3
5510,3
5511,3
5512,3
5513,3
5514,4
5515,4
5516,4
5517,4
5518,4
5519,4
5520,4
5521,5
5522,5
5523,5
5524,5
5525,5
5526,5
5527,5
5528,5
5529,5
5530,5
5531,5
5532,5
5533,6
5534,5
5535,5
5536,5
5537,5
5538,5
5539,6
5540,5
5541,5
5542,5
5543,5
5544,5
5545,5
5546,5
5547,6
5548,6
5549,4
5550,4
5551,4
5552,4
5553,4
5554,4
5555,4
5556,4
5557,4
5558,4
5559,4
5560,4
5561,4
5562,3
5563,3
5564,3
5565,3
5566,3
5567,3
5568,3
5569,2
5570,2
5571,3
5572,3
5573,2
5574,2
5575,2
5576,2
5577,2
5578,2
5579,2
5580,2
5581,3
5582,3
5583,3
5584,3
5585,3
5586,3
5587,3
5588,3
5589,2
5590,2
5591,2
5592,2
5593,3
5594,3
5595,3
5596,3
5597,3
5598,3
5599,3
5600,3
5601,3
5602,3
5603,3
5604,3
5605,3
5606,2
5607,2
5608,2
5609,2
5610,2
5611,3
5612,3
5613,3
5614,3
5615,3
5616,3
5617,3
5618,3
5619,3
5620,3
5621,3
5622,3
5623,3
5624,3
5625,3
5626,3
5627,3
5628,3
5629,3
5630,3
5631,3
5632,3
5633,4
5634,4
5635,4
5636,5
5637,5
5638,5
5639,5
5640,5
5641,5
5642,5
5643,3
5644,2
5645,2
5646,2
5647,2
5648,2
5649,3
5650,3
5651,3
5652,3
5653,3
5654,3
5655,3
5656,4
5657,4
5658,4
5659,4
5660,4
5661,4
5662,4
5663,4
5664,4
5665,4
5666,5
5667,5
5668,4
5669,5
5670,5
5671,5
5672,5
5673,5
5674,5
5675,5
5676,5
5677,5
5678,5
5679,4
5680,4
5681,4
5682,4
5683,4
5684,3
5685,2
5686,2
5687,2
5688,2
5689,2
5690,2
5691,2
5692,2
5693,2
5694,2
5695,2
5696,0
5697,0
5698,0
5699,0
5700,1
5701,1
5702,1
5703,1
5704,1
5705,1
5706,2
5707,3
5708,3
5709,3
5710,3
5711,3
5712,3
5713,3
5714,3
5715,3
5716,3
5717,3
5718,4
5719,4
5720,4
5721,4
5722,4
5723,4
5724,4
5725,4
5726,4
5727,4
5728,4
5729,4
5730,4
5731,4
5732,4
5733,4
5734,4
5735,4
5736,4
5737,4
5738,4
5739,4
5740,4
5741,4
5742,4
5743,4
5744,4
5745,4
5746,4
5747,5
5748,5
5749,5
5750,5
5751,5
5752,5
5753,5
5754,5
5755,5
5756,5
5757,5
5758,5
5759,5
5760,6
5761,5
5762,5
5763,5
5764,5
5765,5
5766,5
5767,5
5768,5
5769,6
5770,5
5771,5
5772,5
5773,6
5774,5
5775,6
5776,5
5777,4
5778,4
5779,4
5780,4
5781,4
5782,4
5783,4
5784,4
5785,4
5786,4
5787,4
5788,4
5789,4
5790,4
5791,4
5792,4
5793,4
5794,4
5795,4
5796,4
5797,4
5798,4
5799,3
5800,3
5801,3
5802,3
5803,4
5804,4
5805,4
5806,4
5807,4
5808,4
5809,4
5810,4
5811,4
5812,4
5813,4
5814,4
5815,5
5816,5
5817,5
5818,6
5819,5
5820,5
5821,5
5822,4
5823,3
5824,3
5825,3
5826,3
5827,3
5828,3
5829,3
5830,3
5831,3
5832,3
5833,2
5834,2
5835,2
5836,2
5837,1
5838,1
5839,1
5840,1
5841,1
5842,1
5843,1
5844,1
5845,1
5846,1
5847,1
5848,1
5849,1
5850,1
5851,1
5852,1
5853,2
5854,2
5855,3
5856,3
5857,3
5858,3
5859,3
5860,3
5861,3
5862,2
5863,2
5864,2
5865,3
5866,3
5867,3
5868,3
5869,3
5870,3
5871,3
5872,3
5873,3
5874,3
5875,3
5876,3
5877,3
5878,3
5879,3
5880,3
5881,3
5882,3
5883,3
5884,3
5885,4
5886,4
5887,4
5888,4
5889,4
5890,4
5891,4
5892,4
5893,4
5894,4
5895,4
5896,4
5897,4
5898,5
5899,5
5900,5
5901,6
5902,5
5903,6
5904,5
5905,5
5906,5
5907,5
5908,5
5909,5
5910,5
5911,4
5912,4
5913,4
5914,4
5915,4
5916,4
5917,4
5918,4
5919,4
5920,4
5921,4
5922,4
5923,4
5924,4
5925,5
5926,5
5927,6
5928,5
5929,5
5930,5
5931,4
5932,3
5933,3
5934,4
5935,4
5936,4
5937,4
5938,4
5939,4
5940,4
5941,4
5942,4
5943,4
5944,4
5945,4
5946,4
5947,4
5948,4
5949,4
5950,4
5951,4
5952,4
5953,4
5954,4
5955,4
5956,4
5957,4
5958,4
5959,4
5960,4
5961,4
5962,4
5963,4
5964,4
5965,4
5966,3
5967,3
5968,3
5969,3
5970,3
5971,3
5972,3
5973,4
5974,4
5975,4
5976,3
5977,3
5978,3
5979,3
5980,3
5981,3
5982,3
5983,3
5984,3
5985,3
5986,3
5987,3
5988,4
5989,4
5990,4
5991,4
5992,4
5993,4
5994,3
5995,3
5996,3
5997,3
5998,3
5999,3
6000,3
6001,2
6002,2
6003,2
6004,2
6005,2
6006,2
6007,2
6008,2
6009,2
6010,2
6011,2
6012,2
6013,2
6014,1
6015,1
6016,1
6017,1
6018,1
6019,1
6020,1
6021,1
6022,1
6023,1
6024,1
6025,1
6026,1
6027,1
6028,1
6029,1
6030,1
6031,1
6032,1
6033,1
6034,2
6035,2
6036,2
6037,2
6038,1
6039,1
6040,1
6041,1
6042,1
6043,1
6044,1
6045,1
6046,1
6047,1
6048,1
6049,1
6050,1
6051,1
6052,1
6053,1
6054,1
6055,1
6056,1
6057,1
6058,1
6059,1
6060,1
6061,1
6062,1
6063,1
6064,1
6065,1
6066,1
6067,2
6068,2
6069,2
6070,2
6071,2
6072,2
6073,2
6074,2
6075,2
6076,3
6077,3
6078,3
6079,3
6080,3
6081,3
6082,3
6083,3
6084,3
6085,3
6086,3
6087,3
6088,3
6089,3
6090,3
6091,3
6092,3
6093,3
6094,3
6095,3
6096,3
6097,3
6098,3
6099,3
6100,3
6101,3
6102,3
6103,4
6104,4
6105,5
6106,5
6107,5
6108,5
6109,5
6110,5
6111,5
6112,5
6113,5
6114,4
6115,4
6116,4
6117,4
6118,4
6119,4
6120,4
6121,4
6122,4
6123,4
6124,4
6125,4
6126,4
6127,4
6128,4
6129,4
6130,4
6131,4
6132,4
6133,4
6134,4
6135,5
6136,6
6137,5
6138,5
6139,5
6140,5
6141,5
6142,5
6143,5
6144,5
6145,5
6146,5
6147,5
6148,5
6149,5
6150,5
6151,5
6152,5
6153,5
6154,5
6155,5
6156,5
6157,5
6158,5
6159,5
6160,5
6161,5
6162,5
6163,5
6164,5
6165,5
6166,5
6167,5
6168,5
6169,5
6170,5
6171,4
6172,4
6173,4
6174,5
6175,6
6176,5
6177,5
6178,5
6179,5
6180,5
6181,5
6182,4
6183,5
6184,5
6185,5
6186,5
6187,5
6188,6
6189,5
6190,5
6191,5
6192,5
6193,5
6194,5
6195,5
6196,5
6197,5
6198,6
6199,5
6200,5
6201,5
6202,5
6203,5
6204,5
6205,5
6206,5
6207,5
6208,5
6209,5
6210,3
6211,2
6212,2
6213,2
6214,1
6215,2
6216,2
6217,2
6218,3
6219,3
6220,3
6221,3
6222,3
6223,3
6224,3
6225,3
6226,3
6227,4
6228,3
6229,4
6230,4
6231,3
6232,3
6233,3
6234,4
6235,5
6236,5
6237,5
6238,5
6239,5
6240,5
6241,5
6242,5
6243,6
6244,4
6245,4
6246,4
6247,4
6248,4
6249,4
6250,4
6251,4
6252,4
6253,3
6254,3
6255,2
6256,2
6257,2
6258,2
6259,2
6260,2
6261,2
6262,3
6263,3
6264,3
6265,4
6266,4
6267,4
6268,4
6269,4
6270,4
6271,4
6272,4
6273,4
6274,4
6275,4
6276,4
6277,4
6278,4
6279,4
6280,4
6281,3
6282,3
6283,2
6284,2
6285,2
6286,2
6287,2
6288,1
6289,1
6290,1
6291,1
6292,1
6293,1
6294,1
6295,1
6296,1
6297,1
6298,2
6299,2
6300,2
6301,3
6302,3
6303,3
6304,3
6305,3
6306,3
6307,3
6308,3
6309,3
6310,3
6311,3
6312,3
6313,3
6314,4
6315,4
6316,5
6317,5
6318,5
6319,5
6320,5
6321,5
6322,5
6323,5
6324,5
6325,5
6326,6
6327,6
6328,5
6329,5
6330,5
6331,5
6332,5
6333,5
6334,5
6335,5
6336,5
6337,6
6338,5
6339,4
6340,4
6341,3
6342,3
6343,3
6344,3
6345,4
6346,4
6347,4
6348,4
6349,5
6350,5
6351,5
6352,5
6353,5
6354,5
6355,5
6356,6
6357,5
6358,6
6359,5
6360,5
6361,5
6362,5
6363,6
6364,5
6365,4
6366,4
6367,4
6368,4
6369,4
6370,4
6371,4
6372,4
6373,3
6374,3
6375,4
6376,3
6377,3
6378,3
6379,3
6380,3
6381,3
6382,3
6383,3
6384,3
6385,3
6386,4
6387,4
6388,4
6389,4
6390,4
6391,4
6392,4
6393,4
6394,4
6395,4
6396,4
6397,5
6398,5
6399,5
6400,5
6401,5
6402,5
6403,5
6404,5
6405,4
6406,4
6407,4
6408,4
6409,3
6410,3
6411,2
6412,2
6413,2
6414,2
6415,3
6416,3
6417,3
6418,3
6419,3
6420,3
6421,4
6422,4
6423,4
6424,3
6425,2
6426,2
6427,1
6428,1
6429,1
6430,1
6431,1
6432,1
6433,1
6434,1
6435,1
6436,1
6437,1
6438,1
6439,1
6440,1
6441,1
6442,1
6443,1
6444,1
6445,1
6446,1
6447,1
6448,1
6449,1
6450,1
6451,1
6452,1
6453,1
6454,2
6455,2
6456,2
6457,2
6458,2
6459,2
6460,2
6461,2
6462,2
6463,2
6464,3
6465,2
6466,1
6467,1
6468,1
6469,1
6470,1
6471,1
6472,1
6473,1
6474,1
6475,1
6476,1
6477,1
6478,1
6479,0
6480,0
6481,0
6482,0
6483,0
6484,0
6485,0
6486,0
6487,0
6488,0
6489,0
6490,1
6491,1
6492,1
6493,1
6494,1
6495,1
6496,1
6497,1
6498,1
6499,1
6500,1
6501,1
6502,1
6503,1
6504,1
6505,2
6506,2
6507,2
6508,2
6509,2
6510,2
6511,2
6512,2
6513,2
6514,2
6515,2
6516,3
6517,3
6518,4
6519,4
6520,4
6521,4
6522,5
6523,5
6524,5
6525,5
6526,6
6527,5
6528,5
6529,5
6530,5
6531,5
6532,5
6533,5
6534,5
6535,5
6536,4
6537,4
6538,4
6539,4
6540,4
6541,4
6542,4
6543,4
6544,4
6545,4
6546,4
6547,4
6548,4
6549,3
6550,4
6551,4
6552,5
6553,4
6554,4
6555,4
6556,4
6557,4
6558,4
6559,4
6560,4
6561,4
6562,5
6563,5
6564,4
6565,3
6566,3
6567,3
6568,3
6569,3
6570,3
6571,3
6572,3
6573,3
6574,3
6575,4
6576,4
6577,4
6578,4
6579,4
6580,4
6581,4
6582,5
6583,5
6584,5
6585,5
6586,5
6587,5
6588,5
6589,5
6590,5
6591,5
6592,5
6593,5
6594,5
6595,5
6596,5
6597,5
6598,5
6599,5
6600,5
6601,5
6602,5
6603,5
6604,6
6605,5
6606,5
6607,5
6608,5
6609,5
6610,5
6611,5
6612,5
6613,6
6614,5
6615,5
6616,5
6617,5
6618,5
6619,5
6620,6
6621,5
6622,4
6623,4
6624,5
6625,5
6626,5
6627,5
6628,5
6629,4
6630,3
6631,4
6632,4
6633,4
6634,4
6635,4
6636,4
6637,5
6638,5
6639,5
6640,5
6641,5
6642,5
6643,5
6644,5
6645,6
6646,5
6647,5
6648,5
6649,5
6650,5
6651,5
6652,5
6653,5
6654,4
6655,4
6656,4
6657,5
6658,5
6659,5
6660,5
6661,5
6662,5
6663,6
6664,4
6665,4
6666,4
6667,4
6668,4
6669,4
6670,4
6671,4
6672,4
6673,4
6674,3
6675,2
6676,1
6677,1
6678,1
6679,1
6680,1
6681,1
6682,1
6683,1
6684,1
6685,2
6686,3
6687,4
6688,4
6689,5
6690,5
6691,5
6692,5
6693,5
6694,5
6695,5
6696,6
6697,5
6698,5
6699,5
6700,5
6701,5
6702,5
6703,5
6704,5
6705,5
6706,5
6707,5
6708,5
6709,5
6710,5
6711,5
6712,5
6713,5
6714,5
6715,5
6716,5
6717,5
6718,5
6719,5
6720,6
6721,5
6722,5
6723,5
6724,5
6725,5
6726,4
6727,4
6728,4
6729,4
6730,4
6731,4
6732,4
6733,4
6734,4
6735,3
6736,3
6737,3
6738,3
6739,3
6740,3
6741,4
6742,4
6743,5
6744,6
6745,6
6746,5
6747,5
6748,5
6749,5
6750,5
6751,5
6752,6
6753,4
6754,3
6755,3
6756,3
6757,3
6758,3
6759,3
6760,3
6761,3
6762,3
6763,3
6764,4
6765,4
6766,3
6767,3
6768,3
6769,3
6770,2
6771,2
6772,2
6773,2
6774,2
6775,2
6776,3
6777,3
6778,4
6779,4
6780,4
6781,4
6782,4
6783,4
6784,4
6785,4
6786,4
6787,4
6788,4
6789,4
6790,4
6791,4
6792,4
6793,4
6794,4
6795,4
6796,4
6797,4
6798,4
6799,4
6800,4
6801,4
6802,4
6803,4
6804,4
6805,4
6806,4
6807,4
6808,3
6809,3
6810,0
6811,0
6812,0
6813,1
6814,1
6815,1
6816,1
6817,1
6818,1
6819,2
6820,2
6821,2
6822,2
6823,2
6824,2
6825,2
6826,2
6827,2
6828,2
6829,2
6830,2
6831,2
6832,2
6833,2
6834,2
6835,2
6836,2
6837,2
6838,2
6839,2
6840,2
6841,3
6842,3
6843,3
6844,3
6845,3
6846,4
6847,4
6848,4
6849,4
6850,4
6851,4
6852,4
6853,4
6854,4
6855,4
6856,4
6857,4
6858,3
6859,3
6860,3
6861,3
6862,3
6863,3
6864,4
6865,4
6866,4
6867,4
6868,4
6869,4
6870,4
6871,4
6872,4
6873,4
6874,4
6875,4
6876,4
6877,5
6878,5
6879,5
6880,6
6881,5
6882,5
6883,5
6884,5
6885,5
6886,5
6887,6
6888,5
6889,4
6890,4
6891,4
6892,4
6893,4
6894,4
6895,4
6896,4
6897,4
6898,5
6899,4
6900,4
6901,5
6902,5
6903,5
6904,5
6905,5
6906,5
6907,5
6908,5
6909,5
6910,5
6911,5
6912,5
6913,5
6914,5
6915,5
6916,5
6917,5
6918,5
6919,6
6920,5
6921,5
6922,5
6923,5
6924,5
6925,5
6926,5
6927,5
6928,5
6929,5
6930,6
6931,5
6932,4
6933,4
6934,4
6935,2
6936,2
6937,3
6938,3
6939,2
6940,3
6941,3
6942,3
6943,4
6944,4
6945,4
6946,4
6947,4
6948,4
6949,4
6950,4
6951,4
6952,4
6953,4
6954,4
6955,4
6956,4
6957,3
6958,2
6959,2
6960,2
6961,2
6962,2
6963,2
6964,2
6965,2
6966,2
6967,2
6968,2
6969,2
6970,2
6971,2
6972,2
6973,2
6974,2
6975,2
6976,2
6977,2
6978,2
6979,2
6980,2
6981,2
6982,2
6983,2
6984,2
6985,2
6986,2
6987,2
6988,2
6989,2
6990,2
6991,2
6992,2
6993,3
6994,3
6995,3
6996,3
6997,3
6998,3
6999,3
7000,3
7001,2
7002,3
7003,3
7004,3
7005,3
7006,4
7007,4
7008,4
7009,4
7010,4
7011,4
7012,3
7013,2
7014,2
7015,2
7016,2
7017,2
7018,2
7019,2
7020,2
7021,2
7022,2
7023,1
7024,1
7025,1
7026,2
7027,3
7028,2
7029,2
7030,2
7031,2
7032,2
7033,2
7034,2
7035,2
7036,2
7037,3
7038,3
7039,3
7040,3
7041,3
7042,3
7043,3
7044,4
7045,4
7046,4
7047,4
7048,4
7049,4
7050,5
7051,6
7052,5
7053,5
7054,5
7055,5
7056,5
7057,5
7058,5
7059,5
7060,5
7061,5
7062,5
7063,5
7064,5
7065,5
7066,5
7067,5
7068,5
7069,5
7070,5
7071,5
7072,5
7073,5
7074,5
7075,5
7076,5
7077,4
7078,3
7079,4
7080,4
7081,4
7082,4
7083,3
7084,3
7085,4
7086,4
7087,4
7088,4
7089,4
7090,4
7091,4
7092,4
7093,4
7094,4
7095,4
7096,4
7097,4
7098,4
7099,3
7100,2
7101,3
7102,3
7103,3
7104,3
7105,3
7106,3
7107,3
7108,3
7109,3
7110,3
7111,3
7112,3
7113,3
7114,3
7115,3
7116,3
7117,3
7118,3
7119,4
7120,5
7121,5
7122,5
7123,5
7124,5
7125,5
7126,5
7127,5
7128,5
7129,5
7130,5
7131,4
7132,5
7133,6
7134,5
7135,5
7136,5
7137,5
7138,5
7139,5
7140,5
7141,4
7142,4
7143,4
7144,4
7145,4
7146,4
7147,4
7148,4
7149,3
7150,3
7151,3
7152,3
7153,3
7154,3
7155,4
7156,4
7157,4
7158,4
7159,4
7160,5
7161,5
7162,5
7163,5
7164,5
7165,5
7166,6
7167,5
7168,5
7169,5
7170,5
7171,5
7172,5
7173,4
7174,5
7175,6
7176,5
7177,6
7178,5
7179,4
7180,4
7181,4
7182,5
7183,5
7184,5
7185,5
7186,5
7187,5
7188,5
7189,6
7190,5
7191,4
7192,4
7193,4
7194,4
7195,4
7196,5
7197,6
7198,5
7199,5
7200,6
7201,5
7202,4
7203,4
7204,4
7205,3
7206,3
7207,2
7208,1
7209,1
7210,1
7211,2
7212,2
7213,2
7214,2
7215,2
7216,2
7217,2
7218,2
7219,2
7220,2
7221,1
7222,0
7223,0
7224,0
7225,0
7226,0
7227,1
7228,1
7229,2
7230,2
7231,2
7232,2
7233,2
7234,2
7235,2
7236,2
7237,3
7238,3
7239,3
7240,3
7241,3
7242,4
7243,4
7244,5
7245,5
7246,6
7247,5
7248,6
7249,5
7250,5
7251,4
7252,4
7253,5
7254,5
7255,5
7256,5
7257,5
7258,5
7259,5
7260,5
7261,6
7262,5
7263,5
7264,5
7265,5
7266,5
7267,5
7268,5
7269,5
7270,5
7271,5
7272,5
7273,5
7274,5
7275,6
7276,5
7277,5
7278,5
7279,4
7280,4
7281,4
7282,4
7283,3
7284,3
7285,3
7286,3
7287,3
7288,4
7289,4
7290,4
7291,4
7292,4
7293,3
7294,3
7295,2
7296,2
7297,2
7298,2
7299,2
7300,2
7301,2
7302,2
7303,2
7304,2
7305,2
7306,2
7307,2
7308,3
7309,2
7310,2
7311,1
7312,1
7313,1
7314,1
7315,1
7316,2
7317,2
7318,2
7319,2
7320,2
7321,2
7322,2
7323,2
7324,2
7325,2
7326,2
7327,2
7328,2
7329,2
7330,2
7331,2
7332,2
7333,2
7334,2
7335,2
7336,2
7337,2
7338,2
7339,2
7340,2
7341,3
7342,3
7343,3
7344,4
7345,4
7346,4
7347,4
7348,4
7349,4
7350,4
7351,4
7352,4
7353,4
7354,4
7355,4
7356,3
7357,3
7358,3
7359,3
7360,3
7361,3
7362,3
7363,3
7364,4
7365,4
7366,4
7367,4
7368,4
7369,5
7370,5
7371,5
7372,5
7373,5
7374,5
7375,5
7376,5
7377,5
7378,5
7379,5
7380,5
7381,5
7382,5
7383,5
7384,5
7385,5
7386,5
7387,5
7388,5
7389,5
7390,5
7391,5
7392,5
7393,5
7394,5
7395,5
7396,5
7397,5
7398,5
7399,5
7400,6
7401,5
7402,5
7403,5
7404,5
7405,5
7406,5
7407,4
7408,4
7409,4
7410,4
7411,4
7412,3
7413,3
7414,3
7415,3
7416,3
7417,3
7418,3
7419,3
7420,3
7421,3
7422,4
7423,4
7424,4
7425,4
7426,4
7427,4
7428,4
7429,4
7430,4
7431,4
7432,4
7433,4
7434,3
7435,3
7436,3
7437,3
7438,3
7439,3
7440,3
7441,3
7442,3
7443,3
7444,3
7445,3
7446,3
7447,3
7448,3
7449,3
7450,3
7451,4
7452,3
7453,3
7454,4
7455,4
7456,4
7457,4
7458,4
7459,4
7460,4
7461,4
7462,4
7463,4
7464,4
7465,4
7466,5
7467,5
7468,5
7469,5
7470,5
7471,5
7472,5
7473,5
7474,5
7475,5
7476,5
7477,5
7478,5
7479,5
7480,5
7481,5
7482,5
7483,5
7484,5
7485,5
7486,5
7487,5
7488,5
7489,5
7490,5
7491,5
7492,5
7493,5
7494,5
7495,5
7496,6
7497,6
7498,5
7499,4
7500,4
7501,4
7502,4
7503,4
7504,4
7505,4
7506,4
7507,4
7508,4
7509,3
7510,3
7511,3
7512,3
7513,3
7514,3
7515,3
7516,2
7517,2
7518,2
7519,3
7520,3
7521,3
7522,3
7523,3
7524,3
7525,3
7526,3
7527,3
7528,3
7529,3
7530,3
7531,3
7532,3
7533,2
7534,2
7535,2
7536,2
7537,2
7538,2
7539,2
7540,2
7541,2
7542,2
7543,2
7544,2
7545,2
7546,2
7547,2
7548,2
7549,2
7550,1
7551,1
7552,1
7553,1
7554,1
7555,1
7556,1
7557,1
7558,1
7559,1
7560,1
7561,1
7562,1
7563,1
7564,1
7565,1
7566,1
7567,1
7568,1
7569,1
7570,1
7571,2
7572,2
7573,3
7574,3
7575,3
7576,3
7577,3
7578,4
7579,4
7580,4
7581,4
7582,4
7583,5
7584,5
7585,5
7586,5
7587,5
7588,5
7589,5
7590,5
7591,5
7592,5
7593,5
7594,5
7595,5
7596,5
7597,5
7598,5
7599,5
7600,6
7601,5
7602,6
7603,4
7604,4
7605,5
7606,5
7607,5
7608,5
7609,5
7610,5
7611,5
7612,5
7613,5
7614,5
7615,5
7616,5
7617,5
7618,5
7619,5
7620,5
7621,6
7622,5
7623,5
7624,5
7625,5
7626,6
7627,5
7628,5
7629,5
7630,5
7631,5
7632,5
7633,5
7634,5
7635,5
7636,5
7637,5
7638,5
7639,5
7640,5
7641,5
7642,5
7643,5
7644,5
7645,5
7646,5
7647,5
7648,5
7649,5
7650,5
7651,5
7652,4
7653,4
7654,5
7655,5
7656,5
7657,4
7658,3
7659,3
7660,3
7661,3
7662,3
7663,3
7664,3
7665,3
7666,3
7667,3
7668,3
7669,3
7670,3
7671,3
7672,3
7673,3
7674,4
7675,4
7676,4
7677,4
7678,3
7679,3
7680,3
7681,3
7682,3
7683,2
7684,2
7685,2
7686,2
7687,2
7688,2
7689,2
7690,2
7691,2
7692,2
7693,2
7694,2
7695,2
7696,2
7697,2
7698,2
7699,2
7700,2
7701,2
7702,2
7703,2
7704,2
7705,2
7706,3
7707,3
7708,3
7709,3
7710,3
7711,3
7712,3
7713,3
7714,3
7715,2
7716,2
7717,1
7718,1
7719,1
7720,1
7721,2
7722,3
7723,3
7724,3
7725,3
7726,3
7727,3
7728,3
7729,3
7730,3
7731,3
7732,3
7733,3
7734,3
7735,3
7736,3
7737,4
7738,4
7739,4
7740,4
7741,4
7742,4
7743,4
7744,4
7745,4
7746,4
7747,4
7748,4
7749,4
7750,5
7751,5
7752,5
7753,5
7754,5
7755,5
7756,6
7757,5
7758,5
7759,5
7760,5
7761,5
7762,5
7763,5
7764,5
7765,5
7766,5
7767,5
7768,5
7769,5
7770,5
7771,6
7772,5
7773,5
7774,5
7775,5
7776,5
7777,5
7778,5
7779,5
7780,5
7781,6
7782,5
7783,5
7784,4
7785,4
7786,4
7787,4
7788,4
7789,5
7790,6
7791,5
7792,5
7793,5
7794,5
7795,5
7796,5
7797,5
7798,5
7799,5
7800,5
7801,5
7802,6
7803,6
7804,5
7805,5
7806,5
7807,5
7808,5
7809,5
7810,5
7811,5
7812,5
7813,5
7814,5
7815,5
7816,5
7817,5
7818,5
7819,5
7820,5
7821,5
7822,5
7823,5
7824,5
7825,4
7826,3
7827,3
7828,3
7829,3
7830,3
7831,2
7832,2
7833,1
7834,0
7835,0
7836,1
7837,1
7838,1
7839,1
7840,1
7841,1
7842,1
7843,1
7844,1
7845,1
7846,1
7847,1
7848,2
7849,2
7850,3
7851,3
7852,3
7853,3
7854,4
7855,4
7856,4
7857,4
7858,4
7859,4
7860,4
7861,4
7862,4
7863,4
7864,5
7865,5
7866,5
7867,5
7868,5
7869,5
7870,5
7871,5
7872,5
7873,6
7874,5
7875,5
7876,4
7877,4
7878,4
7879,5
7880,5
7881,5
7882,5
7883,5
7884,5
7885,5
7886,5
7887,5
7888,5
7889,5
7890,4
7891,3
7892,3
7893,3
7894,3
7895,3
7896,3
7897,3
7898,3
7899,3
7900,2
7901,2
7902,2
7903,2
7904,2
7905,2
7906,2
7907,2
7908,2
7909,2
7910,2
7911,2
7912,2
7913,2
7914,2
7915,1
7916,1
7917,1
7918,1
7919,1
7920,1
7921,1
7922,1
7923,1
7924,1
7925,2
7926,2
7927,2
7928,2
7929,2
7930,3
7931,4
7932,4
7933,4
7934,4
7935,4
7936,4
7937,4
7938,4
7939,4
7940,4
7941,4
7942,4
7943,4
7944,4
7945,4
7946,4
7947,4
7948,4
7949,4
7950,4
7951,4
7952,4
7953,5
7954,5
7955,5
7956,5
7957,5
7958,5
7959,5
7960,5
7961,5
7962,5
7963,5
7964,5
7965,5
7966,5
7967,6
7968,5
7969,6
7970,5
7971,5
7972,5
7973,4
7974,4
7975,5
7976,5
7977,5
7978,5
7979,5
7980,5
7981,5
7982,5
7983,5
7984,5
7985,5
7986,5
7987,5
7988,5
7989,5
7990,5
7991,6
7992,5
7993,5
7994,6
7995,6
7996,5
7997,5
7998,5
7999,5
8000,5
8001,5
8002,6
8003,5
8004,5
8005,4
8006,3
8007,3
8008,3
8009,3
8010,3
8011,3
8012,2
8013,2
8014,2
8015,2
8016,2
8017,2
8018,3
8019,3
8020,3
8021,3
8022,3
8023,4
8024,4
8025,4
8026,4
8027,4
8028,3
8029,3
8030,2
8031,1
8032,1
8033,1
8034,1
8035,2
8036,2
8037,1
8038,1
8039,1
8040,1
8041,1
8042,1
8043,1
8044,1
8045,1
8046,2
8047,2
8048,2
8049,2
8050,2
8051,2
8052,2
8053,2
8054,2
8055,2
8056,2
8057,2
8058,2
8059,2
8060,2
8061,2
8062,2
8063,3
8064,3
8065,3
8066,4
8067,5
8068,5
8069,5
8070,6
8071,5
8072,5
8073,5
8074,5
8075,5
8076,5
8077,6
8078,5
8079,5
8080,5
8081,5
8082,5
8083,5
8084,5
8085,5
8086,5
8087,5
8088,5
8089,5
8090,5
8091,5
8092,5
8093,5
8094,6
8095,5
8096,6
8097,5
8098,5
8099,5
8100,5
8101,5
8102,5
8103,5
8104,4
8105,4
8106,4
8107,4
8108,4
8109,4
8110,5
8111,5
8112,5
8113,5
8114,5
8115,6
8116,4
8117,4
8118,4
8119,4
8120,4
8121,4
8122,4
8123,4
8124,4
8125,4
8126,4
8127,4
8128,4
8129,4
8130,4
8131,4
8132,4
8133,3
8134,3
8135,3
8136,3
8137,3
8138,4
8139,4
8140,4
8141,3
8142,3
8143,3
8144,4
8145,4
8146,4
8147,4
8148,4
8149,4
8150,4
8151,5
8152,5
8153,6
8154,6
8155,5
8156,6
8157,4
8158,4
8159,4
8160,3
8161,3
8162,3
8163,3
8164,3
8165,3
8166,3
8167,3
8168,2
8169,2
8170,2
8171,2
8172,2
8173,2
8174,2
8175,2
8176,1
8177,1
8178,1
8179,1
8180,0
8181,0
8182,1
8183,1
8184,1
8185,2
8186,2
8187,2
8188,2
8189,2
8190,2
8191,2
8192,2
8193,2
8194,2
8195,2
8196,2
8197,2
8198,2
8199,3
8200,3
8201,3
8202,3
8203,3
8204,3
8205,3
8206,3
8207,3
8208,3
8209,3
8210,3
8211,3
8212,3
8213,4
8214,4
8215,4
8216,4
8217,4
8218,4
8219,4
8220,5
8221,5
8222,6
8223,5
8224,5
8225,5
8226,5
8227,5
8228,5
8229,5
8230,5
8231,5
8232,5
8233,5
8234,5
8235,5
8236,5
8237,5
8238,5
8239,5
8240,5
8241,5
8242,5
8243,5
8244,5
8245,5
8246,5
8247,5
8248,4
8249,4
8250,4
8251,4
8252,5
8253,5
8254,5
8255,6
8256,5
8257,5
8258,6
8259,5
8260,5
8261,5
8262,5
8263,5
8264,5
8265,4
8266,4
8267,4
8268,5
8269,5
8270,6
8271,5
8272,4
8273,4
8274,4
8275,4
8276,4
8277,4
8278,4
8279,4
8280,4
8281,4
8282,4
8283,4
8284,4
8285,4
8286,4
8287,4
8288,4
8289,4
8290,4
8291,3
8292,3
8293,3
8294,3
8295,3
8296,3
8297,3
8298,3
8299,3
8300,3
8301,3
8302,3
8303,3
8304,3
8305,3
8306,3
8307,3
8308,3
8309,3
8310,2
8311,2
8312,3
8313,2
8314,1
8315,1
8316,1
8317,1
8318,1
8319,1
8320,1
8321,1
8322,1
8323,1
8324,1
8325,2
8326,2
8327,2
8328,2
8329,2
8330,3
8331,3
8332,3
8333,3
8334,3
8335,3
8336,3
8337,4
8338,4
8339,4
8340,4
8341,5
8342,5
8343,6
8344,5
8345,5
8346,5
8347,5
8348,5
8349,6
8350,5
8351,6
8352,4
8353,4
8354,4
8355,4
8356,4
8357,4
8358,3
8359,3
8360,3
8361,3
8362,3
8363,3
8364,3
8365,3
8366,3
8367,3
8368,3
8369,3
8370,3
8371,3
8372,3
8373,3
8374,3
8375,3
8376,3
8377,3
8378,2
8379,2
8380,2
8381,2
8382,2
8383,2
8384,2
8385,2
8386,2
8387,2
8388,2
8389,2
8390,2
8391,2
8392,2
8393,3
8394,3
8395,3
8396,3
8397,3
8398,3
8399,3
8400,3
8401,2
8402,2
8403,2
8404,2
8405,3
8406,3
8407,3
8408,3
8409,3
8410,3
8411,3
8412,3
8413,3
8414,3
8415,2
8416,2
8417,2
8418,2
8419,2
8420,2
8421,2
8422,2
8423,3
8424,4
8425,4
8426,4
8427,3
8428,3
8429,3
8430,3
8431,3
8432,3
8433,3
8434,3
8435,3
8436,3
8437,3
8438,3
8439,3
8440,3
8441,3
8442,4
8443,4
8444,4
8445,4
8446,4
8447,5
8448,5
8449,5
8450,5
8451,5
8452,5
8453,5
8454,5
8455,5
8456,5
8457,5
8458,5
8459,6
8460,5
8461,5
8462,4
8463,4
8464,5
8465,5
8466,5
8467,5
8468,5
8469,6
8470,5
8471,5
8472,5
8473,5
8474,5
8475,5
8476,5
8477,5
8478,5
8479,6
8480,3
8481,3
8482,3
8483,3
8484,3
8485,3
8486,3
8487,3
8488,3
8489,2
8490,2
8491,2
8492,2
8493,2
8494,2
8495,2
8496,1
8497,1
8498,1
8499,1
8500,1
8501,1
8502,1
8503,1
8504,1
8505,1
8506,1
8507,1
8508,1
8509,1
8510,1
8511,1
8512,2
8513,2
8514,2
8515,2
8516,2
8517,2
8518,2
8519,2
8520,2
8521,2
8522,2
8523,2
8524,2
8525,2
8526,2
8527,2
8528,3
8529,3
8530,3
8531,3
8532,3
8533,3
8534,3
8535,3
8536,3
8537,3
8538,3
8539,3
8540,3
8541,3
8542,3
8543,3
8544,3
8545,3
8546,3
8547,3
8548,3
8549,3
8550,3
8551,3
8552,3
8553,3
8554,4
8555,4
8556,4
8557,4
8558,4
8559,5
8560,5
8561,5
8562,4
8563,4
8564,4
8565,4
8566,4
8567,4
8568,4
8569,4
8570,4
8571,4
8572,4
8573,4
8574,4
8575,4
8576,4
8577,5
8578,5
8579,5
8580,5
8581,5
8582,5
8583,5
8584,5
8585,5
8586,5
8587,6
8588,5
8589,6
8590,5
8591,5
8592,5
8593,5
8594,5
8595,5
8596,5
8597,5
8598,5
8599,5
8600,5
8601,5
8602,5
8603,5
8604,5
8605,5
8606,5
8607,4
8608,4
8609,4
8610,4
8611,4
8612,4
8613,4
8614,4
8615,4
8616,4
8617,4
8618,5
8619,5
8620,5
8621,6
8622,5
8623,6
8624,4
8625,4
8626,4
8627,4
8628,4
8629,4
8630,4
8631,4
8632,4
8633,3
8634,3
8635,3
8636,3
8637,4
8638,4
8639,4
8640,4
8641,5
8642,5
8643,5
8644,5
8645,6
8646,5
8647,5
8648,5
8649,4
8650,4
8651,4
8652,3
8653,3
8654,2
8655,2
8656,2
8657,2
8658,2
8659,2
8660,2
8661,2
8662,2
8663,3
8664,3
8665,3
8666,3
8667,3
8668,3
8669,3
8670,4
8671,3
8672,3
8673,3
8674,3
8675,3
8676,4
8677,4
8678,4
8679,4
8680,4
8681,4
8682,4
8683,3
8684,3
8685,3
8686,2
8687,2
8688,0
8689,0
8690,0
8691,0
8692,0
8693,0
8694,0
8695,0
8696,0
8697,0
8698,0
8699,0
8700,0
8701,0
8702,0
8703,0
8704,0
8705,1
8706,1
8707,1
8708,1
8709,1
8710,1
8711,0
8712,0
8713,1
8714,1
8715,1
8716,1
8717,1
8718,1
8719,1
8720,2
8721,2
8722,2
8723,2
8724,3
8725,3
8726,3
8727,3
8728,3
8729,3
8730,3
8731,3
8732,3
8733,3
8734,3
8735,3
8736,3
8737,3
8738,3
8739,3
8740,3
8741,3
8742,3
8743,3
8744,3
8745,3
8746,4
8747,4
8748,4
8749,4
8750,4
8751,4
8752,5
8753,6
8754,5
8755,5
8756,6
8757,5
8758,5
8759,5
8760,5
8761,5
8762,5
8763,5
8764,6
8765,5
8766,6
8767,5
8768,5
8769,5
8770,5
8771,6
8772,5
8773,5
8774,6
8775,5
8776,5
8777,5
8778,5
8779,5
8780,4
8781,4
8782,4
8783,4
8784,4
8785,4
8786,5
8787,4
8788,4
8789,4
8790,5
8791,5
8792,5
8793,5
8794,5
8795,6
8796,5
8797,5
8798,5
8799,5
8800,5
8801,4
8802,4
8803,4
8804,4
8805,3
8806,3
8807,3
8808,2
8809,2
8810,3
8811,3
8812,2
8813,1
8814,0
8815,0
8816,0
8817,0
8818,0
8819,0
8820,0
8821,0
8822,0
8823,0
8824,0
8825,0
8826,0
8827,0
8828,0
8829,1
8830,1
8831,1
8832,1
8833,1
8834,2
8835,2
8836,2
8837,2
8838,2
8839,2
8840,2
8841,2
8842,2
8843,2
8844,2
8845,2
8846,2
8847,2
8848,2
8849,3
8850,3
8851,3
8852,4
8853,4
8854,4
8855,4
8856,4
8857,4
8858,4
8859,4
8860,4
8861,4
8862,5
8863,5
8864,5
8865,5
8866,5
8867,4
8868,4
8869,4
8870,4
8871,4
8872,4
8873,5
8874,5
8875,5
8876,5
8877,5
8878,5
8879,6
8880,5
8881,5
8882,4
8883,4
8884,4
8885,4
8886,3
8887,2
8888,2
8889,2
8890,2
8891,2
8892,1
8893,1
8894,1
8895,1
8896,1
8897,1
8898,1
8899,1
8900,1
8901,1
8902,1
8903,1
8904,1
8905,1
8906,1
8907,2
8908,2
8909,3
8910,4
8911,4
8912,4
8913,4
8914,4
8915,4
8916,5
8917,5
8918,5
8919,5
8920,6
8921,5
8922,5
8923,5
8924,5
8925,5
8926,5
8927,5
8928,5
8929,6
8930,5
8931,6
8932,5
8933,5
8934,5
8935,5
8936,4
8937,4
8938,5
8939,5
8940,5
8941,5
8942,5
8943,5
8944,5
8945,5
8946,5
8947,5
8948,5
8949,5
8950,5
8951,6
8952,5
8953,4
8954,4
8955,4
8956,4
8957,4
8958,5
8959,5
8960,5
8961,5
8962,5
8963,4
8964,4
8965,4
8966,4
8967,4
8968,4
8969,4
8970,4
8971,4
8972,4
8973,4
8974,5
8975,5
8976,5
8977,5
8978,5
8979,5
8980,5
8981,5
8982,5
8983,5
8984,6
8985,5
8986,4
8987,4
8988,4
8989,5
8990,5
8991,5
8992,5
8993,5
8994,4
8995,4
8996,5
8997,5
8998,5
8999,5
9000,6
9001,6
9002,3
9003,3
9004,3
9005,3
9006,3
9007,3
9008,3
9009,3
9010,3
9011,3
9012,3
9013,4
9014,5
9015,5
9016,5
9017,5
9018,5
9019,5
9020,5
9021,4
9022,4
9023,4
9024,3
9025,3
9026,3
9027,3
9028,4
9029,2
9030,2
9031,2
9032,1
9033,0
9034,0
9035,0
9036,0
9037,0
9038,0
9039,0
9040,0
9041,0
9042,0
9043,1
9044,1
9045,1
9046,1
9047,2
9048,2
9049,2
9050,2
9051,2
9052,2
9053,2
9054,2
9055,2
9056,2
9057,2
9058,2
9059,2
9060,2
9061,2
9062,2
9063,3
9064,3
9065,3
9066,3
9067,3
9068,4
9069,4
9070,4
9071,4
9072,4
9073,4
9074,4
9075,4
9076,4
9077,4
9078,4
9079,4
9080,4
9081,4
9082,4
9083,4
9084,4
9085,4
9086,4
9087,4
9088,4
9089,4
9090,4
9091,4
9092,4
9093,4
9094,4
9095,4
9096,4
9097,4
9098,4
9099,4
9100,4
9101,4
9102,4
9103,3
9104,3
9105,3
9106,3
9107,3
9108,3
9109,3
9110,4
9111,4
9112,4
9113,4
9114,4
9115,4
9116,4
9117,4
9118,4
9119,4
9120,4
9121,4
9122,4
9123,4
9124,4
9125,4
9126,4
9127,5
9128,5
9129,5
9130,5
9131,6
9132,5
9133,4
9134,4
9135,4
9136,4
9137,4
9138,4
9139,4
9140,4
9141,4
9142,4
9143,4
9144,4
9145,5
9146,4
9147,4
9148,4
9149,4
9150,4
9151,4
9152,4
9153,4
9154,4
9155,4
9156,4
9157,4
9158,4
9159,4
9160,4
9161,4
9162,4
9163,4
9164,4
9165,5
9166,5
9167,5
9168,5
9169,5
9170,5
9171,5
9172,5
9173,5
9174,5
9175,5
9176,5
9177,5
9178,5
9179,5
9180,5
9181,5
9182,6
9183,5
9184,5
9185,5
9186,5
9187,5
9188,6
9189,5
9190,5
9191,5
9192,5
9193,5
9194,5
9195,6
9196,5
9197,5
9198,5
9199,5
9200,5
9201,5
9202,5
9203,5
9204,5
9205,5
9206,5
9207,5
9208,5
9209,5
9210,5
9211,5
9212,4
9213,3
9214,2
9215,2
9216,2
9217,1
9218,1
9219,1
9220,1
9221,1
9222,1
9223,1
9224,1
9225,1
9226,1
9227,1
9228,1
9229,1
9230,2
9231,2
9232,2
9233,3
9234,3
9235,3
9236,3
9237,3
9238,3
9239,3
9240,3
9241,4
9242,4
9243,4
9244,4
9245,4
9246,4
9247,4
9248,4
9249,4
9250,4
9251,4
9252,4
9253,4
9254,4
9255,4
9256,4
9257,4
9258,4
9259,4
9260,4
9261,3
9262,3
9263,3
9264,3
9265,3
9266,3
9267,3
9268,3
9269,4
9270,4
9271,4
9272,4
9273,4
9274,4
9275,4
9276,4
9277,4
9278,4
9279,4
9280,4
9281,4
9282,4
9283,5
9284,5
9285,5
9286,5
9287,5
9288,5
9289,5
9290,5
9291,5
9292,5
9293,5
9294,6
9295,5
9296,5
9297,5
9298,5
9299,5
9300,5
9301,5
9302,5
9303,5
9304,5
9305,5
9306,5
9307,5
9308,5
9309,6
9310,5
9311,5
9312,5
9313,5
9314,5
9315,4
9316,4
9317,4
9318,4
9319,4
9320,4
9321,4
9322,4
9323,4
9324,4
9325,4
9326,4
9327,4
9328,4
9329,4
9330,4
9331,4
9332,3
9333,3
9334,3
9335,3
9336,3
9337,3
9338,3
9339,3
9340,3
9341,4
9342,4
9343,5
9344,5
9345,5
9346,5
9347,5
9348,5
9349,5
9350,5
9351,5
9352,5
9353,5
9354,5
9355,5
9356,5
9357,5
9358,5
9359,4
9360,4
9361,4
9362,4
9363,5
9364,5
9365,5
9366,5
9367,5
9368,5
9369,5
9370,5
9371,5
9372,5
9373,5
9374,5
9375,5
9376,5
9377,5
9378,5
9379,5
9380,5
9381,6
9382,5
9383,5
9384,5
9385,5
9386,5
9387,5
9388,5
9389,6
9390,5
9391,5
9392,4
9393,4
9394,4
9395,4
9396,4
9397,4
9398,4
9399,5
9400,5
9401,5
9402,5
9403,5
9404,5
9405,5
9406,5
9407,6
9408,5
9409,5
9410,5
9411,5
9412,5
9413,4
9414,4
9415,3
9416,2
9417,1
9418,1
9419,2
9420,3
9421,3
9422,3
9423,3
9424,3
9425,3
9426,3
9427,3
9428,3
9429,3
9430,3
9431,3
9432,3
9433,3
9434,3
9435,2
9436,2
9437,2
9438,2
9439,2
9440,2
9441,2
9442,2
9443,2
9444,2
9445,1
9446,1
9447,1
9448,1
9449,1
9450,1
9451,1
9452,1
9453,1
9454,1
9455,1
9456,1
9457,1
9458,1
9459,1
9460,1
9461,1
9462,1
9463,2
9464,3
9465,3
9466,3
9467,3
9468,3
9469,3
9470,3
9471,3
9472,3
9473,3
9474,3
9475,4
9476,4
9477,4
9478,3
9479,4
9480,4
9481,4
9482,4
9483,4
9484,4
9485,4
9486,4
9487,4
9488,4
9489,4
9490,4
9491,4
9492,4
9493,4
9494,4
9495,4
9496,5
9497,6
9498,5
9499,5
9500,5
9501,5
9502,5
9503,5
9504,6
9505,5
9506,5
9507,5
9508,5
9509,5
9510,5
9511,4
9512,4
9513,4
9514,4
9515,5
9516,5
9517,5
9518,5
9519,5
9520,5
9521,6
9522,5
9523,5
9524,5
9525,4
9526,5
9527,5
9528,5
9529,5
9530,5
9531,5
9532,5
9533,5
9534,5
9535,6
9536,5
9537,5
9538,5
9539,6
9540,5
9541,5
9542,4
9543,4
9544,4
9545,4
9546,4
9547,4
9548,5
9549,5
9550,5
9551,5
9552,5
9553,5
9554,5
9555,5
9556,5
9557,5
9558,6
9559,5
9560,5
9561,5
9562,5
9563,5
9564,5
9565,5
9566,4
9567,4
9568,4
9569,4
9570,4
9571,4
9572,3
9573,2
9574,2
9575,2
9576,2
9577,2
9578,2
9579,3
9580,3
9581,2
9582,2
9583,1
9584,1
9585,0
9586,1
9587,1
9588,1
9589,1
9590,1
9591,2
9592,2
9593,2
9594,2
9595,2
9596,2
9597,3
9598,3
9599,3
9600,3
9601,3
9602,3
9603,3
9604,3
9605,3
9606,3
9607,3
9608,3
9609,3
9610,3
9611,4
9612,4
9613,4
9614,4
9615,4
9616,4
9617,4
9618,4
9619,4
9620,5
9621,5
9622,5
9623,5
9624,6
9625,5
9626,5
9627,5
9628,5
9629,5
9630,6
9631,5
9632,5
9633,6
9634,5
9635,5
9636,5
9637,6
9638,5
9639,5
9640,5
9641,6
9642,5
9643,5
9644,6
9645,6
9646,6
9647,5
9648,5
9649,5
9650,5
9651,5
9652,5
9653,5
9654,5
9655,4
9656,4
9657,4
9658,4
9659,4
9660,4
9661,4
9662,4
9663,4
9664,4
9665,4
9666,5
9667,5
9668,5
9669,6
9670,5
9671,5
9672,6
9673,5
9674,4
9675,3
9676,2
9677,2
9678,3
9679,3
9680,4
9681,4
9682,4
9683,4
9684,5
9685,5
9686,5
9687,5
9688,5
9689,5
9690,5
9691,2
9692,2
9693,2
9694,3
9695,3
9696,3
9697,3
9698,2
9699,2
9700,2
9701,2
9702,2
9703,2
9704,1
9705,1
9706,1
9707,0
9708,0
9709,0
9710,0
9711,1
9712,1
9713,1
9714,1
9715,1
9716,1
9717,1
9718,1
9719,1
9720,1
9721,1
9722,0
9723,0
9724,0
9725,0
9726,0
9727,0
9728,0
9729,1
9730,1
9731,1
9732,1
9733,2
9734,2
9735,2
9736,2
9737,2
9738,2
9739,2
9740,2
9741,2
9742,2
9743,2
9744,2
9745,2
9746,2
9747,2
9748,2
9749,2
9750,2
9751,2
9752,2
9753,2
9754,2
9755,2
9756,2
9757,2
9758,2
9759,1
9760,1
9761,1
9762,1
9763,1
9764,1
9765,1
9766,1
9767,1
9768,1
9769,2
9770,3
9771,3
9772,2
9773,2
9774,2
9775,2
9776,2
9777,2
9778,2
9779,2
9780,2
9781,2
9782,2
9783,2
9784,2
9785,2
9786,2
9787,2
9788,2
9789,2
9790,3
9791,3
9792,3
9793,3
9794,3
9795,3
9796,3
9797,3
9798,3
9799,4
9800,4
9801,4
9802,4
9803,3
9804,3
9805,3
9806,3
9807,3
9808,3
9809,3
9810,3
9811,3
9812,3
9813,3
9814,3
9815,3
9816,3
9817,4
9818,4
9819,4
9820,4
9821,4
9822,4
9823,4
9824,5
9825,6
9826,5
9827,6
9828,5
9829,5
9830,5
9831,5
9832,5
9833,5
9834,5
9835,5
9836,5
9837,5
9838,5
9839,5
9840,5
9841,5
9842,5
9843,5
9844,5
9845,5
9846,4
9847,4
9848,4
9849,4
9850,4
9851,4
9852,4
9853,4
9854,4
9855,4
9856,4
9857,4
9858,4
9859,4
9860,4
9861,4
9862,4
9863,4
9864,5
9865,5
9866,5
9867,5
9868,5
9869,5
9870,5
9871,5
9872,5
9873,5
9874,5
9875,5
9876,5
9877,5
9878,5
9879,5
9880,5
9881,5
9882,6
9883,5
9884,5
9885,5
9886,5
9887,5
9888,5
9889,5
9890,5
9891,6
9892,5
9893,5
9894,5
9895,5
9896,4
9897,4
9898,4
9899,5
9900,6
9901,5
9902,5
9903,5
9904,5
9905,5
9906,5
9907,5
9908,4
9909,4
9910,5
9911,5
9912,6
9913,5
9914,5
9915,6
9916,5
9917,5
9918,5
9919,5
9920,5
9921,5
9922,5
9923,4
9924,4
9925,4
9926,4
9927,4
9928,3
9929,3
9930,3
9931,3
9932,3
9933,3
9934,3
9935,4
9936,4
9937,5
9938,6
9939,5
9940,6
9941,5
9942,5
9943,5
9944,5
9945,5
9946,5
9947,5
9948,5
9949,5
9950,5
9951,5
9952,5
9953,5
9954,6
9955,6
9956,6
9957,5
9958,4
9959,3
9960,3
9961,3
9962,3
9963,3
9964,3
9965,3
9966,4
9967,3
9968,3
9969,2
9970,2
9971,2
9972,2
9973,2
9974,2
9975,2
9976,2
9977,2
9978,2
9979,2
9980,2
9981,2
9982,2
9983,2
9984,2
9985,1
9986,2
9987,1
9988,1
9989,1
9990,2
9991,2
9992,3
9993,3
9994,3
9995,3
9996,3
9997,3
9998,3
9999,4
10000,3
Server,Requests Handled
A,246
B,216
C,159
D,142
E,121
F,65
